Year,Sample_ID_Host,Coral,Depth,Atoll,Site,d13C_Host,d15N_Host,C_ug_Host,C_wt-percent_Host,C_wt-percent-num_Host,N_ug_Host,N_wt-percent_Host,N_wt-percent-num_Host,dry-weight_mg_Host,dry-weight_ug_Host,CN_molar-ratio_Host,Sample_ID_Sym,d13C_Sym,d15N_Sym,C_ug_Sym,C_wt-percent_Sym,C_wt-percent-num_Sym,N_ug_Sym,N_wt-percent_Sym,N_wt-percent-num_Sym,dry-weight_mg_Sym,dry-weight_ug_Sym,CN_molar-ratio_Sym,d13C_host-sym,d15N_host-sym
2015,HM002,Pachyseris,Deep,North Male,Reethi Rah,-15.7,5.0,261.5,0.071,7.1,46.5,0.013,1.3,3.691,3691,6.6,ZM002,-15.4,5.3,518,0.243,24.3,65.4,0.031,3.1,2.132,2132,9.2,-0.3,-0.3
2015,HM005,Pachyseris,Deep,North Male,Reethi Rah,-15.0,5.0,307.3,0.084,8.4,55.1,0.015,1.5,3.65,3650,6.5,ZM005,-15.1,5.3,332.5,0.156,15.6,40.6,0.019,1.9,2.13,2130,9.6,0.1,-0.3
2015,HM009,Pachyseris,Deep,North Male,Reethi Rah,-14.7,5.2,234.5,0.063,6.3,44.3,0.012,1.2,3.698,3698,6.2,ZM009,-14.4,5.1,428.4,0.209,20.9,47,0.023,2.3,2.052,2052,10.6,-0.3,0.1
2015,HM010,Galaxea,Deep,North Male,Reethi Rah,-17.3,5.1,159.7,0.044,4.4,33.7,0.009,0.9,3.626,3626,5.5,ZM010,-17.4,4.5,367.5,0.181,18.1,56,0.028,2.8,2.036,2036,7.7,0.1,0.6
2015,HM011,Galaxea,Deep,North Male,Reethi Rah,-17.6,5.7,185.6,0.051,5.1,36,0.01,1,3.669,3669,6,ZM011,-17.2,5.5,318,0.155,15.5,43.3,0.021,2.1,2.053,2053,8.6,-0.4,0.2
2015,HM012,Galaxea,Deep,North Male,Reethi Rah,-17.4,5.3,274.2,0.074,7.4,48.6,0.013,1.3,3.683,3683,6.6,ZM012,-17.2,4.3,482.2,0.239,23.9,69.8,0.035,3.5,2.019,2019,8.1,-0.2,1.0
2015,HM016,Pachyseris,Shallow,North Male,Reethi Rah,-13.0,5.8,393.5,0.109,10.9,71.1,0.02,2,3.621,3621,6.5,ZM016,-8.9,5.1,275.9,0.133,13.3,24.1,0.012,1.2,2.067,2067,13.4,-4.1,0.7
2015,HM017,Pachyseris,Shallow,North Male,Reethi Rah,-16.4,4.7,269.4,0.074,7.4,58.5,0.016,1.6,3.662,3662,5.4,ZM017,-16.6,4.8,486,0.232,23.2,42,0.02,2,2.095,2095,13.5,0.2,-0.1
2015,HM021,Galaxea,Shallow,North Male,Reethi Rah,-14.5,4.6,218.6,0.059,5.9,44.9,0.012,1.2,3.674,3674,5.7,ZM021,-14.4,3.9,559.4,0.272,27.2,105.2,0.051,5.1,2.056,2056,6.2,-0.1,0.7
2015,HM024,Galaxea,Shallow,North Male,Reethi Rah,-15.0,5.2,292,0.08,8,55.8,0.015,1.5,3.658,3658,6.1,ZM024,-14.0,4.7,454.5,0.216,21.6,64.5,0.031,3.1,2.106,2106,8.2,-1.0,0.5
2015,HM031,Galaxea,Shallow,North Male,Reethi Rah,-15.0,4.9,328.8,0.091,9.1,63.9,0.018,1.8,3.63,3630,6,ZM031,-14.4,4.3,380.3,0.188,18.8,64,0.032,3.2,2.022,2022,6.9,-0.6,0.6
2015,HM034,Pachyseris,Deep,North Ari,Mathiveri,-14.5,4.7,250.9,0.069,6.9,45.8,0.013,1.3,3.619,3619,6.4,ZM034,-12.4,4.8,215.7,0.108,10.8,26.9,0.013,1.3,2.001,2001,9.4,-2.1,-0.1
2015,HM035,Pachyseris,Deep,North Ari,Mathiveri,-15.5,5.0,172.9,0.047,4.7,31.6,0.009,0.9,3.645,3645,6.4,ZM035,-13.7,5.4,201.3,0.1,10,25.6,0.013,1.3,2.018,2018,9.2,-1.8,-0.4
2015,HM037,Pachyseris,Deep,North Ari,Mathiveri,-15.9,4.6,179.7,0.049,4.9,33.5,0.009,0.9,3.643,3643,6.3,ZM037,-12.1,4.5,213.7,0.106,10.6,23.8,0.012,1.2,2.024,2024,10.5,-3.8,0.1
2015,HM040,Galaxea,Deep,North Ari,Mathiveri,-16.6,5.4,399.5,0.111,11.1,63.3,0.018,1.8,3.611,3611,7.4,ZM040,-16.5,4.6,250.4,0.115,11.5,39.5,0.018,1.8,2.181,2181,7.4,-0.1,0.8
2015,HM041,Galaxea,Deep,North Ari,Mathiveri,-17.6,5.4,310.9,0.086,8.6,70.3,0.019,1.9,3.635,3635,5.2,ZM041,-17.8,3.4,472.6,0.234,23.4,79.4,0.039,3.9,2.022,2022,6.9,0.2,2.0
2015,HM045,Galaxea,Deep,North Ari,Mathiveri,-17.7,6.2,408.9,0.112,11.2,77.3,0.021,2.1,3.649,3649,6.2,ZM045,-17.7,4.0,299.5,0.149,14.9,44.9,0.022,2.2,2.013,2013,7.8,0.0,2.2
2015,HM050,Galaxea,Shallow,North Ari,Mathiveri,-15.3,5.3,616,0.169,16.9,114.8,0.031,3.1,3.645,3645,6.3,ZM050,-15.0,4.8,479,0.233,23.3,71.8,0.035,3.5,2.057,2057,7.8,-0.3,0.5
2015,HM055,Galaxea,Shallow,North Ari,Mathiveri,-14.8,5.7,590.1,0.163,16.3,116.1,0.032,3.2,3.611,3611,5.9,ZM055,-14.6,4.1,472.6,0.23,23,80.2,0.039,3.9,2.053,2053,6.9,-0.2,1.6
2015,HM056,Galaxea,Shallow,North Ari,Mathiveri,-15.9,5.4,455.5,0.124,12.4,92.6,0.025,2.5,3.662,3662,5.7,ZM056,-16.1,3.4,319,0.152,15.2,53.9,0.026,2.6,2.102,2102,6.9,0.2,2.0
2015,HM059,Galaxea,Deep,North Ari,Dinoluga,-18.0,6.1,213.9,0.059,5.9,49.7,0.014,1.4,3.621,3621,5,ZM059,-17.4,5.6,219.5,0.105,10.5,36.6,0.017,1.7,2.098,2098,7,-0.6,0.5
2015,HM060,Galaxea,Deep,North Ari,Dinoluga,-17.7,5.6,431.5,0.117,11.7,78.3,0.021,2.1,3.686,3686,6.4,ZM060,-17.8,4.1,419.4,0.206,20.6,62.3,0.031,3.1,2.035,2035,7.9,0.1,1.5
2015,HM061,Galaxea,Deep,North Ari,Dinoluga,-17.2,5.9,323.8,0.089,8.9,63.9,0.018,1.8,3.65,3650,5.9,ZM061,-17.4,4.3,231.9,0.113,11.3,32.1,0.016,1.6,2.059,2059,8.4,0.2,1.6
2015,HM063,Pocillopora,Deep,North Ari,Dinoluga,-17.0,5.4,226.5,0.062,6.2,41.8,0.011,1.1,3.665,3665,6.3,ZM063,-15.9,6.3,515.9,0.251,25.1,114.5,0.056,5.6,2.052,2052,5.3,-1.1,-0.9
2015,HM068,Pocillopora,Deep,North Ari,Dinoluga,-18.3,5.2,190.9,0.053,5.3,34.4,0.01,1,3.616,3616,6.5,ZM068,-15.7,6.4,695,0.337,33.7,185.3,0.09,9,2.06,2060,4.4,-2.6,-1.2
2015,HM069,Pocillopora,Deep,North Ari,Dinoluga,-19.2,5.2,202.9,0.056,5.6,41.4,0.011,1.1,3.617,3617,5.7,ZM069,-18.6,4.9,692.3,0.333,33.3,111.4,0.054,5.4,2.08,2080,7.3,-0.6,0.3
2015,HM071,Pachyseris,Deep,North Ari,Dinoluga,-13.8,5.5,274.2,0.075,7.5,50.4,0.014,1.4,3.68,3680,6.3,ZM071,-13.9,5.0,278.5,0.137,13.7,36.9,0.018,1.8,2.039,2039,8.8,0.1,0.5
2015,HM074,Pachyseris,Deep,North Ari,Dinoluga,-13.9,5.7,321.5,0.088,8.8,56.1,0.015,1.5,3.664,3664,6.7,ZM074,-9.6,5.2,226.3,0.109,10.9,21,0.01,1,2.075,2075,12.6,-4.3,0.5
2015,HM076,Pachyseris,Deep,North Ari,Dinoluga,-18.5,4.0,159.6,0.044,4.4,26.3,0.007,0.7,3.633,3633,7.1,ZM076,-18.4,4.5,372.8,0.182,18.2,57.1,0.028,2.8,2.048,2048,7.6,-0.1,-0.5
2015,HM079,Galaxea,Shallow,North Ari,Dinoluga,-15.5,5.3,492.7,0.137,13.7,86.8,0.024,2.4,3.604,3604,6.6,ZM079,-14.0,4.1,273.9,0.126,12.6,37.8,0.017,1.7,2.17,2170,8.5,-1.5,1.2
2015,HM082,Galaxea,Shallow,North Ari,Dinoluga,-15.5,5.0,339.5,0.094,9.4,73.4,0.02,2,3.596,3596,5.4,ZM082,-15.1,5.1,379.4,0.184,18.4,50.5,0.025,2.5,2.06,2060,8.8,-0.4,-0.1
2015,HM090,Pocillopora,Shallow,North Ari,Dinoluga,-16.9,5.4,381.4,0.102,10.2,74.5,0.02,2,3.746,3746,6,ZM090,-16.1,5.5,810.2,0.375,37.5,148.7,0.069,6.9,2.158,2158,6.4,-0.8,-0.1
2015,HM094,Pocillopora,Shallow,North Ari,Dinoluga,-17.7,6.2,392.2,0.107,10.7,78.2,0.021,2.1,3.665,3665,5.9,ZM094,-16.9,5.5,678.6,0.335,33.5,105.1,0.052,5.2,2.024,2024,7.5,-0.8,0.7
2015,HM096,Pocillopora,Shallow,North Ari,Dinoluga,-16.5,5.7,387.4,0.106,10.6,80.9,0.022,2.2,3.659,3659,5.6,ZM096,-14.5,5.1,672.4,0.331,33.1,77.1,0.038,3.8,2.03,2030,10.2,-2.0,0.6
2015,HM101,Pachyseris,Deep,South Ari,Dhiggaru Falhu,-15.4,5.9,281.4,0.078,7.8,50,0.014,1.4,3.617,3617,6.6,ZM101,-14.8,6.5,285.5,0.14,14,38.4,0.019,1.9,2.036,2036,8.7,-0.6,-0.6
2015,HM105,Pachyseris,Deep,South Ari,Dhiggaru Falhu,-14.2,5.6,384.8,0.106,10.6,66.4,0.018,1.8,3.616,3616,6.8,ZM105,-13.9,6.6,738.6,0.341,34.1,70.3,0.033,3.3,2.163,2163,12.3,-0.3,-1.0
2015,HM106,Pachyseris,Deep,South Ari,Dhiggaru Falhu,-15.4,5.6,241.5,0.067,6.7,41.8,0.012,1.2,3.616,3616,6.7,ZM106,-14.8,6.5,224.1,0.111,11.1,21.9,0.011,1.1,2.019,2019,11.9,-0.6,-0.9
2015,HM108,Pocillopora,Deep,South Ari,Dhiggaru Falhu,-18.4,5.2,292,0.079,7.9,58.1,0.016,1.6,3.684,3684,5.9,ZM108,-17.4,5.0,688.5,0.34,34,129.4,0.064,6.4,2.025,2025,6.2,-1.0,0.2
2015,HM109,Pocillopora,Deep,South Ari,Dhiggaru Falhu,-19.1,4.9,166.2,0.045,4.5,35.4,0.01,1,3.697,3697,5.5,ZM109,-17.7,5.4,640.4,0.298,29.8,114.8,0.053,5.3,2.147,2147,6.5,-1.4,-0.5
2015,HM110,Pocillopora,Deep,South Ari,Dhiggaru Falhu,-18.2,5.3,192,0.052,5.2,34.5,0.009,0.9,3.697,3697,6.5,ZM110,-17.7,4.8,523.4,0.261,26.1,86.1,0.043,4.3,2.008,2008,7.1,-0.5,0.5
2015,HM111,Galaxea,Deep,South Ari,Dhiggaru Falhu,-16.7,5.7,402.8,0.111,11.1,77.6,0.021,2.1,3.622,3622,6.1,ZM111,-16.3,5.7,441.6,0.215,21.5,58.8,0.029,2.9,2.052,2052,8.8,-0.4,0.0
2015,HM112,Pachyseris,Shallow,South Ari,Dhiggaru Falhu,-13.7,5.8,442.2,0.122,12.2,80.7,0.022,2.2,3.625,3625,6.4,ZM112,-14.1,6.1,311.9,0.147,14.7,46.5,0.022,2.2,2.115,2115,7.8,0.4,-0.3
2015,HM115,Pachyseris,Shallow,South Ari,Dhiggaru Falhu,-14.5,6.0,405.2,0.111,11.1,69.2,0.019,1.9,3.655,3655,6.8,ZM115,-13.5,6.1,313.5,0.148,14.8,38.6,0.018,1.8,2.12,2120,9.5,-1.0,-0.1
2015,HM119,Pachyseris,Shallow,South Ari,Dhiggaru Falhu,-16.0,5.3,465.9,0.129,12.9,81.6,0.023,2.3,3.617,3617,6.7,ZM119,-15.7,5.1,400.8,0.196,19.6,47.3,0.023,2.3,2.044,2044,9.9,-0.3,0.2
2015,HM123,Pocillopora,Shallow,South Ari,Dhiggaru Falhu,-17.3,5.8,406.5,0.111,11.1,81.5,0.022,2.2,3.669,3669,5.8,ZM123,-16.6,5.0,551.6,0.269,26.9,89.5,0.044,4.4,2.047,2047,7.2,-0.7,0.8
2015,HM124,Pocillopora,Shallow,South Ari,Dhiggaru Falhu,-17.4,5.5,420.8,0.114,11.4,80.6,0.022,2.2,3.702,3702,6.1,ZM124,-16.5,4.8,598.8,0.294,29.4,101.7,0.05,5,2.038,2038,6.9,-0.9,0.7
2015,HM125,Pocillopora,Shallow,South Ari,Dhiggaru Falhu,-17.7,5.5,213.2,0.059,5.9,42.2,0.012,1.2,3.611,3611,5.9,ZM125,-16.3,5.3,732.5,0.361,36.1,135.7,0.067,6.7,2.028,2028,6.3,-1.4,0.2
2015,HM129,Galaxea,Shallow,South Ari,Dhiggaru Falhu,-19.8,5.7,215,0.059,5.9,40.2,0.011,1.1,3.635,3635,6.2,ZM129,-19.2,4.0,558,0.278,27.8,67.4,0.034,3.4,2.009,2009,9.7,-0.6,1.7
2015,HM131,Galaxea,Shallow,South Ari,Dhiggaru Falhu,-15.2,5.5,281.3,0.076,7.6,59,0.016,1.6,3.679,3679,5.6,ZM131,-15.1,4.5,450.1,0.217,21.7,72.8,0.035,3.5,2.077,2077,7.2,-0.1,1.0
2015,HM132,Galaxea,Shallow,South Ari,Dhiggaru Falhu,-17.0,5.7,249.1,0.068,6.8,50.8,0.014,1.4,3.668,3668,5.7,ZM132,-15.0,5.0,387.7,0.188,18.8,46.6,0.023,2.3,2.064,2064,9.7,-2.0,0.7
2015,HM139,Pachyseris,Deep,Dhaalu,Hulhuvehi,-15.5,6.0,424.4,0.117,11.7,77.3,0.021,2.1,3.616,3616,6.4,ZM139,-14.8,6.0,664.1,0.33,33,61.5,0.031,3.1,2.014,2014,12.6,-0.7,0.0
2015,HM142,Pachyseris,Deep,Dhaalu,Hulhuvehi,-16.5,5.5,216.9,0.06,6,39.6,0.011,1.1,3.638,3638,6.4,ZM142,-16.0,5.8,475.6,0.236,23.6,51.5,0.026,2.6,2.019,2019,10.8,-0.5,-0.3
2015,HM143,Pachyseris,Deep,Dhaalu,Hulhuvehi,-16.5,5.3,298.3,0.083,8.3,52.6,0.015,1.5,3.613,3613,6.6,ZM143,-13.2,5.6,271.7,0.134,13.4,23.9,0.012,1.2,2.034,2034,13.3,-3.3,-0.3
2015,HM145,Galaxea,Deep,Dhaalu,Hulhuvehi,-17.1,6.0,327.6,0.091,9.1,66.5,0.018,1.8,3.62,3620,5.7,ZM145,-15.0,5.5,358.7,0.169,16.9,31.4,0.015,1.5,2.119,2119,13.3,-2.1,0.5
2015,HM146,Galaxea,Deep,Dhaalu,Hulhuvehi,-18.2,5.6,268.9,0.074,7.4,50.8,0.014,1.4,3.638,3638,6.2,ZM146,-17.7,5.9,466.4,0.227,22.7,73.5,0.036,3.6,2.056,2056,7.4,-0.5,-0.3
2015,HM148,Pocillopora,Deep,Dhaalu,Hulhuvehi,-18.8,5.3,265.9,0.072,7.2,56,0.015,1.5,3.675,3675,5.5,ZM148,-16.8,5.4,532.2,0.254,25.4,69.7,0.033,3.3,2.097,2097,8.9,-2.0,-0.1
2015,HM152,Pocillopora,Deep,Dhaalu,Hulhuvehi,-16.6,5.2,358.6,0.098,9.8,63.4,0.017,1.7,3.655,3655,6.6,ZM152,-15.5,6.3,744.3,0.357,35.7,134.7,0.065,6.5,2.086,2086,6.4,-1.1,-1.1
2015,HM153,Pocillopora,Deep,Dhaalu,Hulhuvehi,-19.3,5.4,281.3,0.077,7.7,58.1,0.016,1.6,3.645,3645,5.6,ZM153,-18.3,4.9,543.8,0.26,26,81.9,0.039,3.9,2.093,2093,7.7,-1.0,0.5
2015,HM155,Pocillopora,Shallow,Dhaalu,Hulhuvehi,-17.6,5.7,408.1,0.112,11.2,84.1,0.023,2.3,3.647,3647,5.7,ZM155,-16.6,5.1,531.7,0.258,25.8,64.7,0.031,3.1,2.064,2064,9.6,-1.0,0.6
2015,HM157,Pocillopora,Shallow,Dhaalu,Hulhuvehi,-15.9,5.9,350.5,0.097,9.7,76.4,0.021,2.1,3.612,3612,5.4,ZM157,-15.3,6.0,585.8,0.286,28.6,104,0.051,5.1,2.045,2045,6.6,-0.6,-0.1
2015,HM158,Pocillopora,Shallow,Dhaalu,Hulhuvehi,-18.1,5.6,202.6,0.056,5.6,44,0.012,1.2,3.6,3600,5.4,ZM158,-16.6,4.7,368.8,0.181,18.1,51.7,0.025,2.5,2.037,2037,8.3,-1.5,0.9
2015,HM161,Pachyseris,Shallow,Dhaalu,Hulhuvehi,-16.2,4.4,361.4,0.1,10,64,0.018,1.8,3.623,3623,6.6,ZM161,-13.8,5.1,453.4,0.222,22.2,57.3,0.028,2.8,2.04,2040,9.2,-2.4,-0.7
2015,HM162,Pachyseris,Shallow,Dhaalu,Hulhuvehi,-15.9,4.7,381.3,0.105,10.5,67.4,0.019,1.9,3.614,3614,6.6,ZM162,-13.3,5.5,359.3,0.17,17,43.4,0.02,2,2.118,2118,9.7,-2.6,-0.8
2015,HM163,Pachyseris,Shallow,Dhaalu,Hulhuvehi,-16.8,4.5,326.2,0.089,8.9,59.9,0.016,1.6,3.655,3655,6.4,ZM163,-14.8,5.6,258.4,0.122,12.2,32.4,0.015,1.5,2.11,2110,9.3,-2.0,-1.1
2015,HM165,Galaxea,Shallow,Dhaalu,Hulhuvehi,-13.6,5.9,441,0.122,12.2,75.6,0.021,2.1,3.625,3625,6.8,ZM165,-13.9,4.6,272.4,0.133,13.3,39.9,0.02,2,2.044,2044,8,0.3,1.3
2015,HM167,Galaxea,Shallow,Dhaalu,Hulhuvehi,-14.8,5.7,453.1,0.125,12.5,74.3,0.02,2,3.629,3629,7.1,ZM167,-14.6,5.2,498.4,0.232,23.2,77.5,0.036,3.6,2.151,2151,7.5,-0.2,0.5
2015,HM171,Pachyseris,Deep,Dhaalu,Maafushi,-14.2,5.6,487.9,0.133,13.3,92.9,0.025,2.5,3.668,3668,6.1,ZM171,-13.8,4.8,342.2,0.171,17.1,56.3,0.028,2.8,1.997,1997,7.1,-0.4,0.8
2015,HM178,Pachyseris,Deep,Dhaalu,Maafushi,-14.5,5.2,408.9,0.113,11.3,75.2,0.021,2.1,3.603,3603,6.3,ZM178,-13.2,4.9,447.6,0.217,21.7,70,0.034,3.4,2.065,2065,7.5,-1.3,0.3
2015,HM179,Pachyseris,Deep,Dhaalu,Maafushi,-15.9,5.5,537.3,0.148,14.8,101.1,0.028,2.8,3.642,3642,6.2,ZM179,-14.8,5.7,534.7,0.255,25.5,78.6,0.038,3.8,2.093,2093,7.9,-1.1,-0.2
2015,HM183,Galaxea,Deep,Dhaalu,Maafushi,-18.1,5.7,204.4,0.056,5.6,40.5,0.011,1.1,3.647,3647,5.9,ZM183,-18.0,5.0,526.9,0.243,24.3,84.2,0.039,3.9,2.165,2165,7.3,-0.1,0.7
2015,HM184,Galaxea,Deep,Dhaalu,Maafushi,-19.5,5.7,202.1,0.055,5.5,39.6,0.011,1.1,3.654,3654,6,ZM184,-19.2,4.5,532.9,0.256,25.6,78.5,0.038,3.8,2.081,2081,7.9,-0.3,1.2
2015,HM185,Galaxea,Deep,Dhaalu,Maafushi,-18.0,6.1,524.9,0.144,14.4,99.8,0.027,2.7,3.651,3651,6.1,ZM185,-18.4,3.6,342,0.171,17.1,53.9,0.027,2.7,1.998,1998,7.4,0.4,2.5
2015,HM186,Pocillopora,Shallow,Dhaalu,Maafushi,-15.0,6.2,380.3,0.105,10.5,84,0.023,2.3,3.611,3611,5.3,ZM186,-13.8,6.4,477.1,0.228,22.8,72.4,0.035,3.5,2.089,2089,7.7,-1.2,-0.2
2015,HM188,Pocillopora,Shallow,Dhaalu,Maafushi,-15.0,6.2,268.7,0.074,7.4,55,0.015,1.5,3.631,3631,5.7,ZM188,-14.1,6.7,626.6,0.31,31,117.6,0.058,5.8,2.023,2023,6.2,-0.9,-0.5
2015,HM189,Pocillopora,Shallow,Dhaalu,Maafushi,-15.5,6.2,335.1,0.092,9.2,70.2,0.019,1.9,3.628,3628,5.6,ZM189,-14.3,6.5,422.9,0.211,21.1,72.8,0.036,3.6,2.005,2005,6.8,-1.2,-0.3
2015,HM200,Galaxea,Shallow,Dhaalu,Maafushi,-16.7,6.5,667,0.181,18.1,122.9,0.033,3.3,3.689,3689,6.3,ZM200,-17.1,3.6,577.6,0.286,28.6,106.6,0.053,5.3,2.021,2021,6.3,0.4,2.9
2015,HM201,Pachyseris,Shallow,Meemu,Kurali,-16.2,4.8,132.6,0.036,3.6,24.8,0.007,0.7,3.635,3635,6.2,ZM201,-16.7,4.7,521.9,0.256,25.6,70,0.034,3.4,2.035,2035,8.7,0.5,0.1
2015,HM202,Pachyseris,Shallow,Meemu,Kurali,-16.3,4.8,138.6,0.037,3.7,24.7,0.007,0.7,3.707,3707,6.6,ZM202,-11.5,4.8,224.7,0.11,11,22.2,0.011,1.1,2.039,2039,11.8,-4.8,0.0
2015,HM205,Pachyseris,Deep,Meemu,Bodu huraa,-14.9,5.5,357.4,0.097,9.7,65.4,0.018,1.8,3.692,3692,6.4,ZM205,-14.2,6.3,436.6,0.211,21.1,50,0.024,2.4,2.071,2071,10.2,-0.7,-0.8
2015,HM206,Pachyseris,Deep,Meemu,Bodu huraa,-15.8,6.4,499.3,0.137,13.7,92.8,0.026,2.6,3.633,3633,6.3,ZM206,-12.2,6.1,263.5,0.126,12.6,27.2,0.013,1.3,2.094,2094,11.3,-3.6,0.3
2015,HM207,Pachyseris,Deep,Meemu,Bodu huraa,-14.7,5.1,294.4,0.08,8,54.9,0.015,1.5,3.696,3696,6.3,ZM207,-14.6,6.6,633.1,0.307,30.7,82.2,0.04,4,2.059,2059,9,-0.1,-1.5
2015,HM211,Galaxea,Deep,Meemu,Bodu huraa,-17.3,5.1,322.6,0.089,8.9,64.5,0.018,1.8,3.615,3615,5.8,ZM211,-16.7,4.3,479.5,0.234,23.4,75.3,0.037,3.7,2.052,2052,7.4,-0.6,0.8
2015,HM212,Galaxea,Deep,Meemu,Bodu huraa,-16.2,5.9,503.6,0.138,13.8,97.9,0.027,2.7,3.662,3662,6,ZM212,-15.7,5.2,394.6,0.194,19.4,50.5,0.025,2.5,2.034,2034,9.1,-0.5,0.7
2015,HM213,Pocillopora,Deep,Meemu,Bodu huraa,-18.4,4.6,200.5,0.055,5.5,41.5,0.011,1.1,3.646,3646,5.6,ZM213,-17.0,5.5,667.7,0.318,31.8,127,0.06,6,2.1,2100,6.1,-1.4,-0.9
2015,HM216,Pocillopora,Deep,Meemu,Bodu huraa,-17.1,5.3,276.6,0.075,7.5,55.6,0.015,1.5,3.669,3669,5.8,ZM216,-16.3,5.6,766.1,0.374,37.4,132.6,0.065,6.5,2.046,2046,6.7,-0.8,-0.3
2015,HM220,Pocillopora,Deep,Meemu,Bodu huraa,-16.9,6.2,290,0.081,8.1,61,0.017,1.7,3.601,3601,5.5,ZM220,-15.7,5.0,557.2,0.262,26.2,101.5,0.048,4.8,2.129,2129,6.4,-1.2,1.2
2015,HM225,Galaxea,Deep,Meemu,Bodu huraa,-17.4,5.6,215.3,0.059,5.9,41.1,0.011,1.1,3.657,3657,6.1,ZM225,-17.2,4.5,396.5,0.185,18.5,63.8,0.03,3,2.142,2142,7.3,-0.2,1.1
2015,HM228,Pachyseris,Shallow,Meemu,Bodu huraa,-15.0,5.3,437.5,0.121,12.1,79,0.022,2.2,3.627,3627,6.5,ZM228,-12.8,5.5,222.5,0.107,10.7,25.5,0.012,1.2,2.089,2089,10.2,-2.2,-0.2
2015,HM230,Pachyseris,Shallow,Meemu,Bodu huraa,-15.5,4.9,352.6,0.096,9.6,61.7,0.017,1.7,3.676,3676,6.7,ZM230,-15.1,5.2,377.2,0.185,18.5,52.3,0.026,2.6,2.034,2034,8.4,-0.4,-0.3
2015,HM232,Pachyseris,Shallow,Meemu,Bodu huraa,-12.6,5.2,448.6,0.122,12.2,77.9,0.021,2.1,3.687,3687,6.7,ZM232,-12.0,5.8,464.4,0.23,23,55.9,0.028,2.8,2.023,2023,9.7,-0.6,-0.6
2015,HM235,Pocillopora,Shallow,Meemu,Bodu huraa,-18.8,5.6,179.1,0.049,4.9,34.4,0.009,0.9,3.677,3677,6.1,ZM235,-18.2,5.5,640.8,0.318,31.8,104.1,0.052,5.2,2.013,2013,7.2,-0.6,0.1
2015,HM236,Pocillopora,Shallow,Meemu,Bodu huraa,-18.1,5.4,284.1,0.078,7.8,54.8,0.015,1.5,3.645,3645,6.1,ZM236,-17.8,4.1,648.3,0.309,30.9,99,0.047,4.7,2.098,2098,7.6,-0.3,1.3
2015,HM238,Pocillopora,Shallow,Meemu,Bodu huraa,-18.6,5.6,282.9,0.077,7.7,55.6,0.015,1.5,3.666,3666,5.9,ZM238,-18.2,5.8,461.3,0.224,22.4,76.6,0.037,3.7,2.057,2057,7,-0.4,-0.2
2015,HM241,Galaxea,Shallow,Meemu,Bodu huraa,-15.0,5.5,450.5,0.123,12.3,82.7,0.023,2.3,3.674,3674,6.4,ZM241,-15.1,4.8,566.3,0.275,27.5,88.8,0.043,4.3,2.06,2060,7.4,0.1,0.7
2015,HM246,Galaxea,Shallow,Meemu,Bodu huraa,-16.3,5.6,428.8,0.118,11.8,85.3,0.023,2.3,3.637,3637,5.9,ZM246,-15.4,4.2,483.2,0.235,23.5,80.4,0.039,3.9,2.056,2056,7,-0.9,1.4
2015,HM248,Galaxea,Shallow,Meemu,Bodu huraa,-14.6,4.6,205.6,0.056,5.6,43.4,0.012,1.2,3.648,3648,5.5,ZM248,-14.4,3.7,353.7,0.173,17.3,49.8,0.024,2.4,2.04,2040,8.3,-0.2,0.9
2015,HM254,Pachyseris,Deep,Meemu,Veyvah,-14.0,5.2,388.8,0.106,10.6,74.4,0.02,2,3.667,3667,6.1,ZM254,-12.3,5.9,329.2,0.162,16.2,39.1,0.019,1.9,2.03,2030,9.8,-1.7,-0.7
2015,HM255,Pachyseris,Deep,Meemu,Veyvah,-15.4,4.8,297.9,0.082,8.2,53.7,0.015,1.5,3.641,3641,6.5,ZM255,-15.1,5.7,341.6,0.166,16.6,44.3,0.022,2.2,2.056,2056,9,-0.3,-0.9
2015,HM256,Pachyseris,Deep,Meemu,Veyvah,-15.6,5.4,430.4,0.116,11.6,83.7,0.023,2.3,3.715,3715,6,ZM256,-14.2,5.7,469.3,0.233,23.3,53.3,0.026,2.6,2.014,2014,10.3,-1.4,-0.3
2015,HM261,Galaxea,Deep,Meemu,Veyvah,-17.5,5.4,406.5,0.111,11.1,82.8,0.023,2.3,3.672,3672,5.7,ZM261,-16.6,4.9,396.1,0.191,19.1,60.4,0.029,2.9,2.069,2069,7.7,-0.9,0.5
2015,HM262,Galaxea,Deep,Meemu,Veyvah,-18.4,5.7,445.9,0.122,12.2,80.6,0.022,2.2,3.655,3655,6.5,ZM262,-18.0,5.7,446.8,0.219,21.9,70.7,0.035,3.5,2.041,2041,7.4,-0.4,0.0
2015,HM263,Galaxea,Deep,Meemu,Veyvah,-18.5,5.1,235.6,0.065,6.5,42.2,0.012,1.2,3.639,3639,6.5,ZM263,-17.8,5.1,378.1,0.184,18.4,47.7,0.023,2.3,2.057,2057,9.2,-0.7,0.0
2015,HM265,Pocillopora,Deep,Meemu,Veyvah,-18.0,4.8,261,0.072,7.2,55,0.015,1.5,3.641,3641,5.5,ZM265,-17.3,5.8,468.2,0.225,22.5,75.2,0.036,3.6,2.08,2080,7.3,-0.7,-1.0
2015,HM266,Pocillopora,Deep,Meemu,Veyvah,-18.1,5.5,353.3,0.098,9.8,64.7,0.018,1.8,3.61,3610,6.4,ZM266,-17.2,5.1,745.2,0.35,35,122.5,0.058,5.8,2.128,2128,7.1,-0.9,0.4
2015,HM268,Pocillopora,Deep,Meemu,Veyvah,-18.6,5.6,381.5,0.106,10.6,73.2,0.02,2,3.599,3599,6.1,ZM268,-17.6,5.5,709.4,0.352,35.2,127.9,0.063,6.3,2.018,2018,6.5,-1.0,0.1
2015,HM273,Galaxea,Shallow,Meemu,Veyvah,-16.7,5.4,354.5,0.098,9.8,63.9,0.018,1.8,3.616,3616,6.5,ZM273,-16.6,3.4,524.6,0.261,26.1,74.3,0.037,3.7,2.012,2012,8.2,-0.1,2.0
2015,HM275,Galaxea,Shallow,Meemu,Veyvah,-14.7,5.7,520.1,0.143,14.3,98,0.027,2.7,3.643,3643,6.2,ZM275,-14.4,4.3,344,0.163,16.3,49,0.023,2.3,2.115,2115,8.2,-0.3,1.4
2015,HM279,Pocillopora,Shallow,Meemu,Veyvah,-18.6,5.9,461.2,0.126,12.6,104.5,0.029,2.9,3.661,3661,5.2,ZM279,-17.5,5.4,629.1,0.312,31.2,115.8,0.057,5.7,2.019,2019,6.3,-1.1,0.5
2015,HM282,Pocillopora,Shallow,Meemu,Veyvah,-16.8,5.4,309,0.085,8.5,67.7,0.019,1.9,3.624,3624,5.3,ZM282,-15.0,5.7,706.3,0.349,34.9,103,0.051,5.1,2.023,2023,8,-1.8,-0.3
2015,HM284,Pocillopora,Shallow,Meemu,Veyvah,-18.5,5.4,333.9,0.091,9.1,70.8,0.019,1.9,3.65,3650,5.5,ZM284,-17.4,5.6,282.9,0.139,13.9,49.1,0.024,2.4,2.037,2037,6.7,-1.1,-0.2
2015,HM289,Pocillopora,Deep,Vaavu,Kandimma Falhu,-17.7,5.4,381.4,0.103,10.3,75.1,0.02,2,3.708,3708,5.9,ZM289,-16.4,4.5,609.2,0.302,30.2,106.1,0.053,5.3,2.019,2019,6.7,-1.3,0.9
2015,HM290,Pocillopora,Deep,Vaavu,Kandimma Falhu,-19.2,5.6,205,0.056,5.6,41.8,0.011,1.1,3.643,3643,5.7,ZM290,-18.7,4.5,746.2,0.368,36.8,119.2,0.059,5.9,2.027,2027,7.3,-0.5,1.1
2015,HM291,Pocillopora,Deep,Vaavu,Kandimma Falhu,-17.7,5.6,223.3,0.061,6.1,45.2,0.012,1.2,3.684,3684,5.8,ZM291,-17.1,5.4,669.7,0.335,33.5,128.2,0.064,6.4,2,2000,6.1,-0.6,0.2
2015,HM293,Pachyseris,Deep,Vaavu,Kandimma Falhu,-15.8,5.9,369.9,0.101,10.1,68.9,0.019,1.9,3.661,3661,6.3,ZM293,-15.8,6.1,534.5,0.249,24.9,77.1,0.036,3.6,2.144,2144,8.1,0.0,-0.2
2015,HM294,Pachyseris,Deep,Vaavu,Kandimma Falhu,-14.2,5.8,362.8,0.1,10,69.8,0.019,1.9,3.645,3645,6.1,ZM294,-13.9,6.5,410.7,0.194,19.4,56.2,0.027,2.7,2.115,2115,8.5,-0.3,-0.7
2015,HM295,Pachyseris,Deep,Vaavu,Kandimma Falhu,-15.4,5.8,387.6,0.107,10.7,72.4,0.02,2,3.631,3631,6.2,ZM295,-14.9,5.6,254.5,0.124,12.4,29.6,0.014,1.4,2.053,2053,10,-0.5,0.2
2015,HM302,Galaxea,Deep,Vaavu,Kandimma Falhu,-18.3,5.8,390,0.108,10.8,69.5,0.019,1.9,3.626,3626,6.5,ZM302,-18.0,6.0,620.8,0.31,31,95.9,0.048,4.8,2.005,2005,7.6,-0.3,-0.2
2015,HM303,Galaxea,Deep,Vaavu,Kandimma Falhu,-17.6,6.2,309.7,0.085,8.5,60.9,0.017,1.7,3.649,3649,5.9,ZM303,-17.5,5.7,780.1,0.386,38.6,114.3,0.057,5.7,2.021,2021,8,-0.1,0.5
2015,HM305,Galaxea,Shallow,Vaavu,Kandimma Falhu,-14.2,6.0,614.7,0.169,16.9,111.1,0.031,3.1,3.631,3631,6.5,ZM305,-13.1,5.1,379.4,0.184,18.4,59.6,0.029,2.9,2.057,2057,7.4,-1.1,0.9
2015,HM307,Galaxea,Shallow,Vaavu,Kandimma Falhu,-17.1,6.2,514.4,0.139,13.9,98.6,0.027,2.7,3.692,3692,6.1,ZM307,-16.7,4.7,469.4,0.227,22.7,69.6,0.034,3.4,2.068,2068,7.9,-0.4,1.5
2015,HM309,Galaxea,Shallow,Vaavu,Kandimma Falhu,-14.3,6.0,427.6,0.117,11.7,79.7,0.022,2.2,3.644,3644,6.3,ZM309,-13.5,4.2,259.5,0.123,12.3,34.7,0.016,1.6,2.104,2104,8.7,-0.8,1.8
2015,HM312,Pocillopora,Shallow,Vaavu,Kandimma Falhu,-17.4,6.0,504.2,0.138,13.8,91.7,0.025,2.5,3.654,3654,6.4,ZM312,-16.7,5.7,624.7,0.311,31.1,117.2,0.058,5.8,2.009,2009,6.2,-0.7,0.3
2015,HM314,Pocillopora,Shallow,Vaavu,Kandimma Falhu,-18.3,5.9,326.8,0.09,9,69.5,0.019,1.9,3.642,3642,5.5,ZM314,-17.8,4.6,391.2,0.185,18.5,66.1,0.031,3.1,2.119,2119,6.9,-0.5,1.3
2015,HM317,Pocillopora,Shallow,Vaavu,Kandimma Falhu,-18.3,5.7,388.6,0.108,10.8,72.4,0.02,2,3.603,3603,6.3,ZM317,,6.0,609.6,0.297,29.7,130.9,0.064,6.4,2.052,2052,5.4,,-0.3
2015,HM319,Pachyseris,Shallow,Vaavu,Kandimma Falhu,-14.5,5.9,416,0.111,11.1,80.4,0.022,2.2,3.733,3733,6,ZM319,-12.5,5.9,381.5,0.188,18.8,47.5,0.023,2.3,2.034,2034,9.4,-2.0,0.0
2015,HM322,Pachyseris,Shallow,Vaavu,Kandimma Falhu,-13.7,5.9,471.9,0.131,13.1,85,0.024,2.4,3.613,3613,6.5,ZM322,-12.0,5.2,242.4,0.116,11.6,31.7,0.015,1.5,2.092,2092,8.9,-1.7,0.7
2015,HM324,Pachyseris,Shallow,Vaavu,Kandimma Falhu,-13.0,5.2,295.4,0.082,8.2,60.8,0.017,1.7,3.606,3606,5.7,ZM324,-11.2,5.7,314.3,0.153,15.3,41.1,0.02,2,2.059,2059,8.9,-1.8,-0.5
2015,HM326,Pachyseris,Deep,Vaavu,Medhu Faru,-13.1,5.6,295.6,0.081,8.1,51,0.014,1.4,3.629,3629,6.8,ZM326,-13.0,5.8,515,0.243,24.3,61.9,0.029,2.9,2.119,2119,9.7,-0.1,-0.2
2015,HM332,Pachyseris,Deep,Vaavu,Medhu Faru,-15.5,5.4,229.2,0.064,6.4,42.9,0.012,1.2,3.602,3602,6.2,ZM332,-15.8,6.1,630.6,0.316,31.6,75.6,0.038,3.8,1.995,1995,9.7,0.3,-0.7
2015,HM333,Pachyseris,Deep,Vaavu,Medhu Faru,-14.2,5.7,266.6,0.073,7.3,49.6,0.014,1.4,3.654,3654,6.3,ZM333,-13.4,6.1,178.5,0.084,8.4,23.7,0.011,1.1,2.122,2122,8.8,-0.8,-0.4
2015,HM336,Pocillopora,Deep,Vaavu,Medhu Faru,-17.5,5.7,401.7,0.109,10.9,79.7,0.022,2.2,3.671,3671,5.9,ZM336,-16.2,5.5,566.5,0.281,28.1,93.6,0.046,4.6,2.013,2013,7.1,-1.3,0.2
2015,HM337,Pocillopora,Deep,Vaavu,Medhu Faru,-16.8,5.7,336.4,0.09,9,69,0.019,1.9,3.718,3718,5.7,ZM337,-16.1,5.1,791.9,0.386,38.6,120.5,0.059,5.9,2.052,2052,7.7,-0.7,0.6
2015,HM342,Pocillopora,Deep,Vaavu,Medhu Faru,-18.3,5.6,427.9,0.118,11.8,83.7,0.023,2.3,3.642,3642,6,ZM342,-17.2,4.9,446.2,0.222,22.2,80.2,0.04,4,2.014,2014,6.5,-1.1,0.7
2015,HM344,Galaxea,Deep,Vaavu,Medhu Faru,-18.5,5.5,255.5,0.07,7,50.7,0.014,1.4,3.648,3648,5.9,ZM344,-18.7,5.3,440.4,0.213,21.3,54.4,0.026,2.6,2.071,2071,9.4,0.2,0.2
2015,HM348,Galaxea,Deep,Vaavu,Medhu Faru,-17.5,5.3,262.3,0.072,7.2,44.4,0.012,1.2,3.622,3622,6.9,ZM348,-16.8,5.9,307.2,0.149,14.9,40.9,0.02,2,2.065,2065,8.8,-0.7,-0.6
2015,HM349,Galaxea,Deep,Vaavu,Medhu Faru,-17.6,5.1,206.4,0.057,5.7,40.1,0.011,1.1,3.619,3619,6,ZM349,-17.2,5.0,325.7,0.159,15.9,57.4,0.028,2.8,2.052,2052,6.6,-0.4,0.1
2015,HM350,Pocillopora,Shallow,Vaavu,Medhu Faru,-16.9,5.9,430.3,0.117,11.7,80.4,0.022,2.2,3.683,3683,6.2,ZM350,-15.7,5.0,432.9,0.214,21.4,74.3,0.037,3.7,2.025,2025,6.8,-1.2,0.9
2015,HM354,Pocillopora,Shallow,Vaavu,Medhu Faru,-17.9,5.8,477,0.13,13,100.4,0.027,2.7,3.683,3683,5.5,ZM354,-17.2,5.1,579.1,0.283,28.3,99.9,0.049,4.9,2.049,2049,6.8,-0.7,0.7
2015,HM358,Pocillopora,Shallow,Vaavu,Medhu Faru,-18.0,6.1,476.8,0.129,12.9,101.2,0.027,2.7,3.687,3687,5.5,ZM358,-16.7,5.4,384.9,0.187,18.7,69.6,0.034,3.4,2.061,2061,6.5,-1.3,0.7
2015,HM360,Pachyseris,Shallow,Vaavu,Medhu Faru,-15.4,5.2,360.4,0.099,9.9,69.7,0.019,1.9,3.64,3640,6,ZM360,-15.4,4.9,573.2,0.281,28.1,84.6,0.041,4.1,2.043,2043,7.9,0.0,0.3
2015,HM363,Pachyseris,Shallow,Vaavu,Medhu Faru,-16.9,4.9,205.6,0.057,5.7,37.3,0.01,1,3.607,3607,6.4,ZM363,-16.3,5.0,454.9,0.223,22.3,50.6,0.025,2.5,2.041,2041,10.5,-0.6,-0.1
2015,HM364,Pachyseris,Shallow,Vaavu,Medhu Faru,-17.5,4.7,289.6,0.079,7.9,60.3,0.016,1.6,3.684,3684,5.6,ZM364,-18.1,4.7,395.3,0.193,19.3,40.1,0.02,2,2.045,2045,11.5,0.6,0.0
2015,HM366,Galaxea,Shallow,Vaavu,Medhu Faru,-15.3,5.5,439.9,0.119,11.9,83.6,0.023,2.3,3.694,3694,6.1,ZM366,-13.4,3.8,415.4,0.203,20.3,63.9,0.031,3.1,2.042,2042,7.6,-1.9,1.7
2015,HM370,Galaxea,Shallow,Vaavu,Medhu Faru,-15.4,6.4,438.7,0.118,11.8,93.4,0.025,2.5,3.718,3718,5.5,ZM370,-14.9,4.1,625.2,0.311,31.1,106.3,0.053,5.3,2.009,2009,6.9,-0.5,2.3
2015,HM373,Galaxea,Shallow,Vaavu,Medhu Faru,-14.8,5.3,456.7,0.125,12.5,86.5,0.024,2.4,3.665,3665,6.2,ZM373,-14.1,4.5,545,0.262,26.2,63.6,0.031,3.1,2.079,2079,10,-0.7,0.8
2015,HM378,Galaxea,Shallow,Vaavu,Medhu Faru,-16.2,6.0,380.1,0.105,10.5,73.4,0.02,2,3.615,3615,6,ZM378,-15.2,4.6,418.2,0.201,20.1,59.2,0.028,2.8,2.084,2084,8.2,-1.0,1.4
2015,HM385,Pachyseris,Shallow,South Male,Maafushi S. Male,-14.8,5.1,372.9,0.103,10.3,66.3,0.018,1.8,3.608,3608,6.6,ZM385,-14.4,5.6,293.3,0.135,13.5,38.4,0.018,1.8,2.175,2175,8.9,-0.4,-0.5
2015,HM386,Pachyseris,Shallow,South Male,Maafushi S. Male,-14.7,5.3,442.2,0.121,12.1,74.1,0.02,2,3.66,3660,7,ZM386,-14.3,5.8,614.4,0.295,29.5,85.8,0.041,4.1,2.08,2080,8.4,-0.4,-0.5
2015,HM388,Pachyseris,Shallow,South Male,Maafushi S. Male,-15.5,5.4,407.7,0.112,11.2,76.5,0.021,2.1,3.632,3632,6.2,ZM388,-14.2,5.2,371,0.177,17.7,48.4,0.023,2.3,2.098,2098,8.9,-1.3,0.2
2015,HM391,Pocillopora,Deep,South Male,Fushidiggaru Falhu,-18.7,5.1,487.7,0.133,13.3,94,0.026,2.6,3.677,3677,6.1,ZM391,-17.5,5.0,677.1,0.33,33,111.2,0.054,5.4,2.051,2051,7.1,-1.2,0.1
2015,HM394,Pocillopora,Deep,South Male,Fushidiggaru Falhu,-17.4,5.3,279.4,0.077,7.7,50.4,0.014,1.4,3.632,3632,6.5,ZM394,-17.0,3.7,575.1,0.282,28.2,89,0.044,4.4,2.038,2038,7.5,-0.4,1.6
2015,HM395,Pocillopora,Deep,South Male,Fushidiggaru Falhu,-17.2,5.9,285.3,0.078,7.8,48.7,0.013,1.3,3.654,3654,6.8,ZM395,-16.9,5.1,815.7,0.404,40.4,125.5,0.062,6.2,2.018,2018,7.6,-0.3,0.8
2015,HM396,Galaxea,Deep,South Male,Fushidiggaru Falhu,-16.7,5.0,396.8,0.107,10.7,67.9,0.018,1.8,3.696,3696,6.8,ZM396,-16.3,4.3,414.6,0.2,20,57.5,0.028,2.8,2.071,2071,8.4,-0.4,0.7
2015,HM398,Galaxea,Deep,South Male,Fushidiggaru Falhu,-17.8,5.1,245.8,0.068,6.8,50.6,0.014,1.4,3.627,3627,5.7,ZM398,-17.4,4.1,473.8,0.226,22.6,78.9,0.038,3.8,2.099,2099,7,-0.4,1.0
2015,HM400,Galaxea,Deep,South Male,Fushidiggaru Falhu,-15.9,5.3,352.6,0.096,9.6,61,0.017,1.7,3.666,3666,6.7,ZM400,-15.0,5.1,380.2,0.188,18.8,50.2,0.025,2.5,2.026,2026,8.8,-0.9,0.2
2017,HM403,Pachyseris,Deep,North Ari,Mathiveri,-15.1,5.6,529.7,0.145,14.5,92.3,0.025,2.5,3.642,3642,6.7,ZM403,-13.3,5.1,368.5,0.179,17.9,46,0.022,2.2,2.061,2061,9.3,-1.8,0.5
2017,HM404,Pachyseris,Deep,North Ari,Mathiveri,-13.9,6.6,250.7,0.069,6.9,46.4,0.013,1.3,3.648,3648,6.3,ZM404,-14.3,3.7,215.3,0.11,11,36.7,0.019,1.9,1.951,1951,6.8,0.4,2.9
2017,HM405,Pachyseris,Deep,North Ari,Mathiveri,-14.9,6.6,158,0.043,4.3,30.5,0.008,0.8,3.681,3681,6.1,ZM405,-10.9,2.3,285.1,0.142,14.2,40.8,0.02,2,2.014,2014,8.2,-4.0,4.3
2017,HM411,Galaxea,Shallow,North Ari,Mathiveri,-16.3,6.5,579.4,0.16,16,115.3,0.032,3.2,3.623,3623,5.9,ZM411,-16.1,4.0,574.5,0.273,27.3,86.9,0.041,4.1,2.102,2102,7.7,-0.2,2.5
2017,HM412,Pocillopora,Shallow,North Ari,Mathiveri,-17.0,5.7,364.3,0.099,9.9,85.2,0.023,2.3,3.697,3697,5,ZM412,-16.1,6.0,593.7,0.289,28.9,93.7,0.046,4.6,2.057,2057,7.4,-0.9,-0.3
2017,HM415,Galaxea,Shallow,North Ari,Mathiveri,-16.1,5.7,764.4,0.207,20.7,139.4,0.038,3.8,3.692,3692,6.4,ZM415,-15.9,4.3,607.3,0.294,29.4,93.9,0.045,4.5,2.064,2064,7.5,-0.2,1.4
2017,HM418,Pocillopora,Shallow,North Ari,Mathiveri,-18.8,6.4,431.4,0.119,11.9,93.7,0.026,2.6,3.616,3616,5.4,ZM418,-18.1,4.8,741.4,0.365,36.5,107.9,0.053,5.3,2.034,2034,8,-0.7,1.6
2017,HM420,Pocillopora,Shallow,North Ari,Mathiveri,-18.2,6.6,373.9,0.102,10.2,79.7,0.022,2.2,3.679,3679,5.5,ZM420,-18.2,4.2,457.9,0.226,22.6,71.8,0.035,3.5,2.024,2024,7.4,0.0,2.4
2017,HM421,Galaxea,Shallow,North Ari,Mathiveri,-16.8,6.1,494.1,0.134,13.4,101.4,0.028,2.8,3.684,3684,5.7,ZM421,-16.4,4.4,585.8,0.28,28,80.6,0.039,3.9,2.093,2093,8.5,-0.4,1.7
2017,HM422,Pachyseris,Deep,North Ari,Dinoluga,-14.9,5.1,220.9,0.061,6.1,40.5,0.011,1.1,3.644,3644,6.4,ZM422,-12.3,4.0,214.6,0.096,9.6,23.9,0.011,1.1,2.233,2233,10.5,-2.6,1.1
2017,HM423,Pachyseris,Deep,North Ari,Dinoluga,-16.3,5.7,330.1,0.09,9,58.1,0.016,1.6,3.684,3684,6.6,ZM423,-16.6,5.1,328.3,0.157,15.7,49.5,0.024,2.4,2.09,2090,7.7,0.3,0.6
2017,HM424,Pachyseris,Deep,North Ari,Dinoluga,-17.8,5.3,480.6,0.131,13.1,66.7,0.018,1.8,3.676,3676,8.4,ZM424,-13.1,4.1,196.3,0.093,9.3,17.7,0.008,0.8,2.118,2118,12.9,-4.7,1.2
2017,HM425,Pocillopora,Deep,North Ari,Dinoluga,-17.8,5.1,328.3,0.089,8.9,75.9,0.021,2.1,3.678,3678,5,ZM425,-17.9,2.3,528,0.252,25.2,78.1,0.037,3.7,2.099,2099,7.9,0.1,2.8
2017,HM427,Galaxea,Deep,North Ari,Dinoluga,-17.6,5.3,137.6,0.038,3.8,36,0.01,1,3.66,3660,4.5,ZM427,-17.2,4.1,342.6,0.17,17,48.6,0.024,2.4,2.015,2015,8.2,-0.4,1.2
2017,HM428,Pocillopora,Deep,North Ari,Dinoluga,-18.8,5.8,223.4,0.062,6.2,52.9,0.015,1.5,3.627,3627,4.9,ZM428,-18.7,3.3,643.4,0.319,31.9,96,0.048,4.8,2.019,2019,7.8,-0.1,2.5
2017,HM432,Galaxea,Deep,North Ari,Dinoluga,-18.5,5.4,154.5,0.042,4.2,38.9,0.011,1.1,3.682,3682,4.6,ZM432,-18.3,3.4,627.5,0.305,30.5,99.5,0.048,4.8,2.057,2057,7.4,-0.2,2.0
2017,HM433,Galaxea,Deep,North Ari,Dinoluga,,5.1,99.4,0.049,4.9,23.2,0.011,1.1,2.024,2024,5,ZM433,-20.3,4.2,912.2,0.439,43.9,122.6,0.059,5.9,2.076,2076,8.7,,0.9
2017,HM436,Galaxea,Deep,North Ari,Dinoluga,-17.8,6.8,122.1,0.034,3.4,28.3,0.008,0.8,3.628,3628,5,ZM436,-17.8,5.1,574.9,0.276,27.6,89.9,0.043,4.3,2.081,2081,7.5,0.0,1.7
2017,HM442,Pocillopora,Deep,North Ari,Dinoluga,-18.7,4.6,170,0.047,4.7,42.5,0.012,1.2,3.639,3639,4.7,ZM442,-18.1,4.2,774,0.382,38.2,122.7,0.061,6.1,2.024,2024,7.4,-0.6,0.4
2017,HM443,Galaxea,Deep,North Ari,Dinoluga,-17.9,5.7,204,0.056,5.6,48.1,0.013,1.3,3.612,3612,5,ZM443,-14.1,4.2,254.4,0.125,12.5,29.9,0.015,1.5,2.035,2035,9.9,-3.8,1.5
2017,HM447,Pocillopora,Deep,North Ari,Dinoluga,-17.7,5.2,128,0.036,3.6,30.9,0.009,0.9,3.588,3588,4.8,ZM447,-17.2,4.1,955.7,0.442,44.2,138.4,0.064,6.4,2.164,2164,8.1,-0.5,1.1
2017,HM448,Galaxea,Deep,North Ari,Dinoluga,-17.2,5.9,266.1,0.072,7.2,55.8,0.015,1.5,3.673,3673,5.6,ZM448,-17.4,4.2,221.4,0.112,11.2,34.5,0.017,1.7,1.975,1975,7.5,0.2,1.7
2017,HM452,Galaxea,Shallow,North Ari,Dinoluga,-19.0,5.6,199.5,0.054,5.4,44.5,0.012,1.2,3.693,3693,5.2,ZM452,-18.8,4.6,382.4,0.189,18.9,55.8,0.028,2.8,2.021,2021,8,-0.2,1.0
2017,HM453,Pocillopora,Shallow,North Ari,Dinoluga,-17.1,5.4,241.2,0.065,6.5,56.2,0.015,1.5,3.684,3684,5,ZM453,-16.1,5.5,391.7,0.184,18.4,64.1,0.03,3,2.129,2129,7.1,-1.0,-0.1
2017,HM456,Galaxea,Shallow,North Ari,Dinoluga,-17.7,5.7,377.6,0.102,10.2,69.3,0.019,1.9,3.693,3693,6.4,ZM456,-15.5,3.7,239.8,0.109,10.9,34.8,0.016,1.6,2.194,2194,8,-2.2,2.0
2017,HM458,Pocillopora,Shallow,North Ari,Dinoluga,-17.1,5.9,385.2,0.104,10.4,78.2,0.021,2.1,3.689,3689,5.7,ZM458,-16.0,5.6,334.2,0.156,15.6,53.5,0.025,2.5,2.147,2147,7.3,-1.1,0.3
2017,HM463,Pocillopora,Shallow,North Ari,Dinoluga,-16.3,5.5,168.7,0.047,4.7,39,0.011,1.1,3.606,3606,5.1,ZM463,-15.6,5.2,334.9,0.166,16.6,57.3,0.028,2.8,2.018,2018,6.8,-0.7,0.3
2017,HM464,Galaxea,Shallow,North Ari,Dinoluga,-17.0,4.8,106.6,0.029,2.9,25.3,0.007,0.7,3.668,3668,4.9,ZM464,-14.4,4.0,262.7,0.133,13.3,33.7,0.017,1.7,1.972,1972,9.1,-2.6,0.8
2017,HM468,Pachyseris,Deep,South Ari,Dhiggaru Falhu,-16.1,5.4,143.2,0.039,3.9,28.5,0.008,0.8,3.676,3676,5.9,ZM468,-10.7,6.4,379.1,0.179,17.9,25.6,0.012,1.2,2.112,2112,17.3,-5.4,-1.0
2017,HM470,Pachyseris,Deep,South Ari,Dhiggaru Falhu,,,83.3,0.023,2.3,18.4,0.005,0.5,3.665,3665,5.3,ZM470,-10.7,5.8,169.9,0.082,8.2,14.3,0.007,0.7,2.08,2080,13.9,,
2017,HM472,Pachyseris,Deep,South Ari,Dhiggaru Falhu,-15.5,5.4,115.5,0.032,3.2,25,0.007,0.7,3.632,3632,5.4,ZM472,-13.3,5.4,311.7,0.144,14.4,30.4,0.014,1.4,2.171,2171,12,-2.2,0.0
2017,HM474,Pocillopora,Deep,South Ari,Dhiggaru Falhu,-19.3,5.9,225.2,0.061,6.1,53.4,0.014,1.4,3.702,3702,4.9,ZM474,-18.4,4.8,453.6,0.215,21.5,77.6,0.037,3.7,2.105,2105,6.8,-0.9,1.1
2017,HM475,Pocillopora,Deep,South Ari,Dhiggaru Falhu,-19.6,5.6,213.8,0.059,5.9,51.9,0.014,1.4,3.622,3622,4.8,ZM475,-18.9,4.5,474.2,0.225,22.5,70.2,0.033,3.3,2.111,2111,7.9,-0.7,1.1
2017,HM476,Galaxea,Deep,South Ari,Dhiggaru Falhu,-18.3,5.4,105,0.029,2.9,25.2,0.007,0.7,3.625,3625,4.9,ZM476,-18.0,5.2,486.2,0.221,22.1,65.5,0.03,3,2.203,2203,8.7,-0.3,0.2
2017,HM478,Galaxea,Deep,South Ari,Dhiggaru Falhu,-17.7,5.7,136.5,0.037,3.7,30.4,0.008,0.8,3.693,3693,5.2,ZM478,-14.3,4.8,246.6,0.117,11.7,31.1,0.015,1.5,2.102,2102,9.3,-3.4,0.9
2017,HM480,Pocillopora,Deep,South Ari,Dhiggaru Falhu,-18.3,6.3,209.5,0.058,5.8,47.9,0.013,1.3,3.643,3643,5.1,ZM480,-17.2,3.4,744.9,0.353,35.3,104.5,0.05,5,2.108,2108,8.3,-1.1,2.9
2017,HM485,Galaxea,Deep,South Ari,Dhiggaru Falhu,-17.9,5.2,190.2,0.052,5.2,44.1,0.012,1.2,3.65,3650,5,ZM485,-17.0,5.6,751.9,0.363,36.3,114.8,0.055,5.5,2.072,2072,7.6,-0.9,-0.4
2017,HM487,Pachyseris,Shallow,South Ari,Dhiggaru Falhu,-14.9,5.3,145.1,0.039,3.9,28,0.008,0.8,3.677,3677,6.1,ZM487,-12.2,5.8,350.4,0.167,16.7,27.5,0.013,1.3,2.101,2101,14.9,-2.7,-0.5
2017,HM489,Pachyseris,Shallow,South Ari,Dhiggaru Falhu,-17.2,6.2,258.1,0.07,7,46.8,0.013,1.3,3.671,3671,6.4,ZM489,-17.5,6.2,661.8,0.315,31.5,72.8,0.035,3.5,2.098,2098,10.6,0.3,0.0
2017,HM490,Pachyseris,Shallow,South Ari,Dhiggaru Falhu,,,50.3,0.014,1.4,12.8,0.004,0.4,3.589,3589,4.6,ZM490,-10.8,5.9,228.9,0.099,9.9,14.9,0.006,0.6,2.308,2308,17.9,,
2017,HM492,Pachyseris,Shallow,South Ari,Dhiggaru Falhu,-14.8,5.8,159.7,0.044,4.4,34.6,0.009,0.9,3.655,3655,5.4,ZM492,-14.5,6.4,374.4,0.175,17.5,33.8,0.016,1.6,2.138,2138,12.9,-0.3,-0.6
2017,HM494,Pocillopora,Shallow,South Ari,Dhiggaru Falhu,-17.9,6.5,364.2,0.101,10.1,83.6,0.023,2.3,3.616,3616,5.1,ZM494,-17.2,5.5,949.1,0.461,46.1,106.1,0.051,5.1,2.061,2061,10.4,-0.7,1.0
2017,HM499,Pocillopora,Shallow,South Ari,Dhiggaru Falhu,-18.7,5.8,181.9,0.049,4.9,42.9,0.012,1.2,3.68,3680,5,ZM499,-17.4,5.5,853.5,0.423,42.3,114.4,0.057,5.7,2.016,2016,8.7,-1.3,0.3
2017,HM501,Galaxea,Deep,North Male,Reethi Rah,-17.9,5.3,141.8,0.038,3.8,29.2,0.008,0.8,3.688,3688,5.7,ZM501,-11.7,5.1,245.4,0.122,12.2,23,0.011,1.1,2.017,2017,12.4,-6.2,0.2
2017,HM502,Galaxea,Deep,North Male,Reethi Rah,,,69.2,0.019,1.9,13.8,0.004,0.4,3.661,3661,5.9,ZM502,-18.5,5.1,500.4,0.235,23.5,55,0.026,2.6,2.128,2128,10.6,,
2017,HM504,Pachyseris,Deep,North Male,Reethi Rah,,,91.7,0.025,2.5,19.2,0.005,0.5,3.688,3688,5.6,ZM504,-10.5,5.4,435.3,0.201,20.1,37.1,0.017,1.7,2.17,2170,13.7,,
2017,HM507,Pachyseris,Deep,North Male,Reethi Rah,-14.0,5.0,146.3,0.04,4,31.4,0.008,0.8,3.696,3696,5.4,ZM507,-13.4,4.9,223.7,0.109,10.9,27.7,0.013,1.3,2.053,2053,9.4,-0.6,0.1
2017,HM509,Pachyseris,Deep,North Male,Reethi Rah,-16.6,5.3,150.1,0.041,4.1,30.4,0.008,0.8,3.631,3631,5.8,ZM509,-17.0,5.1,591.2,0.293,29.3,74,0.037,3.7,2.015,2015,9.3,0.4,0.2
2017,HM514,Pachyseris,Shallow,North Male,Reethi Rah,-16.3,4.6,149.1,0.041,4.1,36.3,0.01,1,3.639,3639,4.8,ZM514,-16.4,4.7,309.1,0.15,15,34,0.017,1.7,2.059,2059,10.6,0.1,-0.1
2017,HM516,Galaxea,Shallow,North Male,Reethi Rah,-16.1,5.8,299.9,0.082,8.2,61.8,0.017,1.7,3.676,3676,5.7,ZM516,-16.1,4.4,606.2,0.289,28.9,74,0.035,3.5,2.098,2098,9.6,0.0,1.4
2017,HM517,Galaxea,Shallow,North Male,Reethi Rah,-16.8,5.3,147.9,0.04,4,34,0.009,0.9,3.683,3683,5.1,ZM517,-13.5,4.2,320,0.154,15.4,28.7,0.014,1.4,2.076,2076,13,-3.3,1.1
2017,HM518,Galaxea,Shallow,North Male,Reethi Rah,-16.9,5.7,328.4,0.09,9,64.4,0.018,1.8,3.644,3644,6,ZM518,-13.1,5.0,181.5,0.089,8.9,20.8,0.01,1,2.033,2033,10.2,-3.8,0.7
2017,HM519,Pocillopora,Shallow,South Ari,Dhiggaru Falhu,-17.9,6.3,227.4,0.062,6.2,50.9,0.014,1.4,3.688,3688,5.2,ZM519,-16.1,5.2,556.9,0.279,27.9,72.8,0.036,3.6,1.997,1997,8.9,-1.8,1.1
2017,HM522,Galaxea,Shallow,South Ari,Dhiggaru Falhu,-15.2,6.1,129.7,0.035,3.5,30.3,0.008,0.8,3.677,3677,5,ZM522,-13.3,5.4,184.3,0.089,8.9,22.6,0.011,1.1,2.075,2075,9.5,-1.9,0.7
2017,HM528,Galaxea,Shallow,South Ari,Dhiggaru Falhu,-16.3,5.6,120,0.032,3.2,29.2,0.008,0.8,3.693,3693,4.8,ZM528,-14.9,4.3,256.2,0.122,12.2,36.6,0.017,1.7,2.101,2101,8.2,-1.4,1.3
2017,HM529,Galaxea,Shallow,South Ari,Dhiggaru Falhu,-16.3,5.1,135.7,0.037,3.7,34.4,0.009,0.9,3.685,3685,4.6,ZM529,-15.8,5.1,385.5,0.189,18.9,55.6,0.027,2.7,2.035,2035,8.1,-0.5,0.0
2017,HM532,Pachyseris,Shallow,South Ari,Dhangethi,-14.6,6.7,218.7,0.06,6,42.9,0.012,1.2,3.664,3664,5.9,ZM532,-13.7,6.2,623.2,0.304,30.4,52.7,0.026,2.6,2.048,2048,13.8,-0.9,0.5
2017,HM534,Pachyseris,Shallow,South Ari,Dhangethi,-16.5,6.5,213.4,0.058,5.8,40.3,0.011,1.1,3.658,3658,6.2,ZM534,-16.1,5.4,851.2,0.425,42.5,68.9,0.034,3.4,2.003,2003,14.4,-0.4,1.1
2017,HM535,Pachyseris,Shallow,South Ari,Dhangethi,-15.5,6.5,186,0.051,5.1,37.2,0.01,1,3.658,3658,5.8,ZM535,-15.5,6.2,871,0.432,43.2,88.1,0.044,4.4,2.014,2014,11.5,0.0,0.3
2017,HM542,Pachyseris,Deep,South Ari,Dhangethi,-14.1,6.6,398.5,0.108,10.8,79.9,0.022,2.2,3.673,3673,5.8,ZM542,-13.5,6.1,723.1,0.345,34.5,78.3,0.037,3.7,2.095,2095,10.8,-0.6,0.5
2017,HM543,Pachyseris,Deep,South Ari,Dhangethi,-14.7,6.0,304.9,0.083,8.3,55.6,0.015,1.5,3.666,3666,6.4,ZM543,-13.3,5.4,524.7,0.255,25.5,60.6,0.029,2.9,2.057,2057,10.1,-1.4,0.6
2017,HM546,Pachyseris,Deep,South Ari,Dhangethi,-14.4,6.4,434.1,0.12,12,82.2,0.023,2.3,3.627,3627,6.2,ZM546,-13.0,6.2,386.7,0.186,18.6,43.2,0.021,2.1,2.081,2081,10.4,-1.4,0.2
2017,HM554,Galaxea,Deep,Dhaalu,Maadheli,,5.5,90.4,0.025,2.5,20.8,0.006,0.6,3.68,3680,5.1,ZM554,-17.2,4.5,680.4,0.33,33,75.3,0.037,3.7,2.061,2061,10.5,,1.0
2017,HM555,Galaxea,Deep,Dhaalu,Maadheli,-17.3,6.0,154.8,0.043,4.3,35.2,0.01,1,3.614,3614,5.1,ZM555,-12.1,4.8,428.6,0.206,20.6,42.3,0.02,2,2.081,2081,11.8,-5.2,1.2
2017,HM556,Galaxea,Deep,Dhaalu,Maadheli,-17.2,5.9,187.5,0.051,5.1,47.9,0.013,1.3,3.68,3680,4.6,ZM556,-16.3,4.7,496.9,0.24,24,67,0.032,3.2,2.072,2072,8.7,-0.9,1.2
2017,HM557,Galaxea,Deep,Dhaalu,Maadheli,-17.6,6.0,169.7,0.046,4.6,38.7,0.011,1.1,3.663,3663,5.1,ZM557,-16.2,4.4,831,0.407,40.7,94.4,0.046,4.6,2.04,2040,10.3,-1.4,1.6
2017,HM558,Galaxea,Deep,Dhaalu,Maadheli,-18.2,7.8,106,0.029,2.9,23.6,0.006,0.6,3.657,3657,5.2,ZM558,-18.6,3.8,338.2,0.162,16.2,48.4,0.023,2.3,2.094,2094,8.2,0.4,4.0
2017,HM560,Pachyseris,Deep,Dhaalu,Maadheli,-13.3,6.5,258.5,0.07,7,58,0.016,1.6,3.674,3674,5.2,ZM560,-13.6,4.8,226.9,0.113,11.3,36,0.018,1.8,2.011,2011,7.4,0.3,1.7
2017,HM562,Pachyseris,Deep,Dhaalu,Maadheli,-14.0,6.1,240.7,0.065,6.5,57,0.016,1.6,3.678,3678,4.9,ZM562,-14.6,4.8,235.7,0.116,11.6,38.7,0.019,1.9,2.032,2032,7.1,0.6,1.3
2017,HM566,Pachyseris,Deep,Dhaalu,Maadheli,-14.6,6.8,259.7,0.072,7.2,52.5,0.014,1.4,3.621,3621,5.8,ZM566,-14.0,6.0,546.9,0.263,26.3,69,0.033,3.3,2.08,2080,9.2,-0.6,0.8
2017,HM569,Pocillopora,Deep,Dhaalu,Maadheli,-17.8,6.0,222.3,0.061,6.1,51.8,0.014,1.4,3.67,3670,5,ZM569,-17.5,3.8,1070.4,0.526,52.6,130.1,0.064,6.4,2.034,2034,9.6,-0.3,2.2
2017,HM570,Pocillopora,Deep,Dhaalu,Maadheli,-19.8,5.9,202.1,0.056,5.6,51.3,0.014,1.4,3.606,3606,4.6,ZM570,-20.4,4.2,925.7,0.451,45.1,97.7,0.048,4.8,2.053,2053,11.1,0.6,1.7
2017,HM571,Pocillopora,Deep,Dhaalu,Maadheli,-18.3,6.0,151.4,0.04,4,35,0.009,0.9,3.794,3794,5,ZM571,-18.0,4.1,987.5,0.489,48.9,132.8,0.066,6.6,2.019,2019,8.7,-0.3,1.9
2017,HM574,Pocillopora,Deep,Dhaalu,Maadheli,-19.5,6.3,170.5,0.047,4.7,42.2,0.012,1.2,3.644,3644,4.7,ZM574,-19.4,4.8,961.8,0.472,47.2,89.8,0.044,4.4,2.038,2038,12.5,-0.1,1.5
2017,HM575,Pocillopora,Deep,Dhaalu,Maadheli,-18.8,5.9,175.9,0.048,4.8,40.8,0.011,1.1,3.664,3664,5,ZM575,-18.5,3.9,992.4,0.482,48.2,117.2,0.057,5.7,2.058,2058,9.9,-0.3,2.0
2017,HM577,Galaxea,Shallow,Dhaalu,Maadheli,-17.7,6.5,297.9,0.081,8.1,65,0.018,1.8,3.7,3700,5.3,ZM577,-16.0,4.8,486.5,0.243,24.3,41.1,0.021,2.1,2.002,2002,13.8,-1.7,1.7
2017,HM581,Galaxea,Shallow,Dhaalu,Maadheli,-16.5,7.0,237.3,0.065,6.5,49.7,0.014,1.4,3.657,3657,5.6,ZM581,-15.4,4.9,569.1,0.283,28.3,57.2,0.028,2.8,2.008,2008,11.6,-1.1,2.1
2017,HM585,Galaxea,Shallow,Dhaalu,Maadheli,-16.2,6.4,322.4,0.089,8.9,67.4,0.019,1.9,3.612,3612,5.6,ZM585,-15.2,4.3,686.7,0.33,33,59.5,0.029,2.9,2.08,2080,13.5,-1.0,2.1
2017,HM588,Pocillopora,Shallow,Dhaalu,Maadheli,-18.5,6.2,415.7,0.115,11.5,98.6,0.027,2.7,3.629,3629,4.9,ZM588,-17.6,5.1,975.2,0.482,48.2,132.8,0.066,6.6,2.025,2025,8.6,-0.9,1.1
2017,HM593,Pocillopora,Shallow,Dhaalu,Maadheli,-17.8,6.2,310.1,0.086,8.6,71.8,0.02,2,3.606,3606,5,ZM593,-17.7,4.6,932.5,0.449,44.9,117.7,0.057,5.7,2.077,2077,9.2,-0.1,1.6
2017,HM594,Pocillopora,Shallow,Dhaalu,Maadheli,-17.4,6.3,240.8,0.066,6.6,53.4,0.015,1.5,3.653,3653,5.3,ZM594,-17.1,3.8,596.6,0.294,29.4,68.7,0.034,3.4,2.03,2030,10.1,-0.3,2.5
2017,HM597,Pachyseris,Deep,Dhaalu,Maafushi,-14.6,5.6,314,0.086,8.6,64.4,0.018,1.8,3.655,3655,5.7,ZM597,-13.0,5.1,504.3,0.249,24.9,54.3,0.027,2.7,2.022,2022,10.8,-1.6,0.5
2017,HM599,Pachyseris,Deep,Dhaalu,Maafushi,-14.9,5.7,184.8,0.051,5.1,36.1,0.01,1,3.653,3653,6,ZM599,-13.9,5.5,669.2,0.329,32.9,67,0.033,3.3,2.033,2033,11.7,-1.0,0.2
2017,HM601,Pocillopora,Deep,Dhaalu,Maafushi,-18.3,5.7,393.8,0.108,10.8,84.9,0.023,2.3,3.632,3632,5.4,ZM601,-17.7,5.1,740,0.352,35.2,125.4,0.06,6,2.102,2102,6.9,-0.6,0.6
2017,HM607,Pachyseris,Deep,Dhaalu,Maafushi,-15.1,5.1,362,0.098,9.8,74.2,0.02,2,3.697,3697,5.7,ZM607,-14.8,4.6,536,0.24,24,53.1,0.024,2.4,2.229,2229,11.8,-0.3,0.5
2017,HM611,Pocillopora,Shallow,Dhaalu,Maafushi,-17.8,5.9,263.5,0.072,7.2,59.7,0.016,1.6,3.664,3664,5.1,ZM611,-16.8,5.2,700.4,0.341,34.1,96,0.047,4.7,2.054,2054,8.5,-1.0,0.7
2017,HM613,Pocillopora,Shallow,Dhaalu,Maafushi,-18.3,5.5,479.2,0.132,13.2,108.9,0.03,3,3.638,3638,5.1,ZM613,-17.2,4.8,704.5,0.347,34.7,110.7,0.054,5.4,2.032,2032,7.4,-1.1,0.7
2017,HM616,Pocillopora,Shallow,Dhaalu,Maafushi,-18.9,6.0,192,0.053,5.3,45.1,0.012,1.2,3.634,3634,5,ZM616,-18.5,4.4,945,0.464,46.4,121.9,0.06,6,2.038,2038,9,-0.4,1.6
2017,HM621,Galaxea,Shallow,Dhaalu,Maafushi,-17.5,5.2,188.1,0.052,5.2,42.4,0.012,1.2,3.645,3645,5.2,ZM621,-17.1,4.8,631.8,0.317,31.7,76.9,0.039,3.9,1.995,1995,9.6,-0.4,0.4
2017,HM622,Galaxea,Shallow,Dhaalu,Maafushi,-17.6,6.1,190.6,0.053,5.3,43.8,0.012,1.2,3.61,3610,5.1,ZM622,-16.7,4.2,391.9,0.196,19.6,52.4,0.026,2.6,1.997,1997,8.7,-0.9,1.9
2017,HM624,Galaxea,Shallow,Dhaalu,Maafushi,-18.5,5.6,357.6,0.097,9.7,73.9,0.02,2,3.689,3689,5.6,ZM624,-18.1,3.8,514.6,0.25,25,74.1,0.036,3.6,2.059,2059,8.1,-0.4,1.8
2017,HM625,Galaxea,Shallow,Dhaalu,Naibukaloabodufushi,-17.5,6.2,332.5,0.092,9.2,75.6,0.021,2.1,3.619,3619,5.1,ZM625,-13.6,5.1,383.9,0.187,18.7,43.7,0.021,2.1,2.051,2051,10.2,-3.9,1.1
2017,HM626,Galaxea,Shallow,Dhaalu,Naibukaloabodufushi,-17.7,6.3,383,0.104,10.4,80.5,0.022,2.2,3.689,3689,5.6,ZM626,-17.1,5.3,331.7,0.164,16.4,42,0.021,2.1,2.017,2017,9.2,-0.6,1.0
2017,HM628,Galaxea,Shallow,Dhaalu,Naibukaloabodufushi,-16.6,6.5,370,0.102,10.2,74.9,0.021,2.1,3.623,3623,5.8,ZM628,-15.6,5.2,177.9,0.084,8.4,27.7,0.013,1.3,2.111,2111,7.5,-1.0,1.3
2017,HM633,Pocillopora,Shallow,Dhaalu,Naibukaloabodufushi,-18.1,6.6,374.4,0.103,10.3,80.4,0.022,2.2,3.631,3631,5.4,ZM633,-17.2,5.2,617.9,0.299,29.9,80.7,0.039,3.9,2.066,2066,8.9,-0.9,1.4
2017,HM634,Pocillopora,Shallow,Dhaalu,Naibukaloabodufushi,-17.3,6.7,439.5,0.122,12.2,94.5,0.026,2.6,3.612,3612,5.4,ZM634,-16.8,5.4,774.3,0.369,36.9,109.7,0.052,5.2,2.098,2098,8.2,-0.5,1.3
2017,HM637,Pocillopora,Shallow,Dhaalu,Naibukaloabodufushi,-17.8,6.7,342.6,0.095,9.5,77.7,0.021,2.1,3.621,3621,5.1,ZM637,-17.0,5.8,524.2,0.258,25.8,82,0.04,4,2.03,2030,7.5,-0.8,0.9
2017,HM638,Pachyseris,Shallow,Dhaalu,Naibukaloabodufushi,-17.0,6.5,349.4,0.097,9.7,68.7,0.019,1.9,3.612,3612,5.9,ZM638,-16.4,4.8,657.6,0.33,33,67.5,0.034,3.4,1.99,1990,11.4,-0.6,1.7
2017,HM641,Pachyseris,Shallow,Dhaalu,Naibukaloabodufushi,-17.4,6.1,436.1,0.119,11.9,82.2,0.022,2.2,3.671,3671,6.2,ZM641,-15.8,4.8,385.8,0.186,18.6,39.3,0.019,1.9,2.069,2069,11.5,-1.6,1.3
2017,HM648,Pocillopora,Deep,Dhaalu,Naibukaloabodufushi,-19.2,6.0,481.6,0.133,13.3,97.6,0.027,2.7,3.631,3631,5.8,ZM648,-18.9,4.2,640.5,0.312,31.2,85.1,0.042,4.2,2.05,2050,8.8,-0.3,1.8
2017,HM649,Pocillopora,Deep,Dhaalu,Naibukaloabodufushi,-17.0,6.4,398.8,0.109,10.9,87.2,0.024,2.4,3.672,3672,5.3,ZM649,-16.0,4.7,881.5,0.422,42.2,118.5,0.057,5.7,2.091,2091,8.7,-1.0,1.7
2017,HM650,Pocillopora,Deep,Dhaalu,Naibukaloabodufushi,-18.3,6.3,446.7,0.123,12.3,91.9,0.025,2.5,3.639,3639,5.7,ZM650,-18.0,4.8,608.6,0.296,29.6,94.2,0.046,4.6,2.059,2059,7.5,-0.3,1.5
2017,HM654,Pachyseris,Deep,Dhaalu,Naibukaloabodufushi,-14.9,6.8,373.8,0.104,10.4,77.3,0.021,2.1,3.596,3596,5.6,ZM654,-14.4,6.4,629.4,0.309,30.9,57.9,0.028,2.8,2.034,2034,12.7,-0.5,0.4
2017,HM655,Pachyseris,Deep,Dhaalu,Naibukaloabodufushi,-17.1,6.6,273,0.075,7.5,49.7,0.014,1.4,3.649,3649,6.4,ZM655,-17.7,4.7,359.4,0.167,16.7,40.8,0.019,1.9,2.148,2148,10.3,0.6,1.9
2017,HM661,Pachyseris,Deep,Dhaalu,Naibukaloabodufushi,-15.1,6.7,321,0.089,8.9,70.3,0.019,1.9,3.623,3623,5.3,ZM661,-13.5,5.9,591.3,0.294,29.4,50.6,0.025,2.5,2.008,2008,13.6,-1.6,0.8
2017,HM664,Galaxea,Deep,Dhaalu,Naibukaloabodufushi,-17.4,6.7,416.2,0.114,11.4,93.4,0.026,2.6,3.653,3653,5.2,ZM664,-15.8,5.2,457.5,0.218,21.8,48.3,0.023,2.3,2.095,2095,11.1,-1.6,1.5
2017,HM665,Galaxea,Deep,Dhaalu,Naibukaloabodufushi,-18.8,6.3,245,0.067,6.7,50,0.014,1.4,3.672,3672,5.7,ZM665,-13.8,5.0,281.3,0.14,14,29.8,0.015,1.5,2.01,2010,11,-5.0,1.3
2017,HM667,Galaxea,Deep,Dhaalu,Naibukaloabodufushi,-17.0,7.1,225.7,0.062,6.2,51.7,0.014,1.4,3.621,3621,5.1,ZM667,-17.0,4.8,359.5,0.169,16.9,44.8,0.021,2.1,2.133,2133,9.4,0.0,2.3
2017,HM670,Pocillopora,Deep,Dhaalu,Hulhuvehi,-19.3,6.1,331.9,0.091,9.1,73,0.02,2,3.644,3644,5.3,ZM670,-18.1,3.8,354.2,0.171,17.1,44.3,0.021,2.1,2.075,2075,9.3,-1.2,2.3
2017,HM671,Pocillopora,Deep,Dhaalu,Hulhuvehi,-18.1,5.0,168.2,0.047,4.7,42.8,0.012,1.2,3.593,3593,4.6,ZM671,-17.3,3.6,982.5,0.489,48.9,106.1,0.053,5.3,2.011,2011,10.8,-0.8,1.4
2017,HM672,Pocillopora,Deep,Dhaalu,Hulhuvehi,-19.3,6.1,270,0.074,7.4,63.4,0.017,1.7,3.642,3642,5,ZM672,-18.2,4.5,998,0.496,49.6,97,0.048,4.8,2.012,2012,12,-1.1,1.6
2017,HM677,Pocillopora,Deep,Dhaalu,Hulhuvehi,-18.9,6.0,254.6,0.07,7,55.2,0.015,1.5,3.623,3623,5.4,ZM677,-17.4,4.3,350.5,0.169,16.9,47,0.023,2.3,2.072,2072,8.7,-1.5,1.7
2017,HM679,Galaxea,Deep,Dhaalu,Hulhuvehi,-17.5,6.0,251.1,0.069,6.9,56.2,0.015,1.5,3.632,3632,5.2,ZM679,-16.9,5.7,290.4,0.142,14.2,35.1,0.017,1.7,2.042,2042,9.7,-0.6,0.3
2017,HM687,Pachyseris,Deep,Dhaalu,Hulhuvehi,-17.2,5.3,126.1,0.034,3.4,27.4,0.007,0.7,3.668,3668,5.4,ZM687,-13.0,5.8,444.7,0.219,21.9,38.1,0.019,1.9,2.032,2032,13.6,-4.2,-0.5
2017,HM690,Pachyseris,Deep,Dhaalu,Hulhuvehi,-19.0,5.4,183.1,0.05,5,44.3,0.012,1.2,3.638,3638,4.8,ZM690,-15.2,6.1,621.2,0.309,30.9,53,0.026,2.6,2.008,2008,13.7,-3.8,-0.7
2017,HM692,Pachyseris,Deep,Dhaalu,Hulhuvehi,-15.7,6.3,391.6,0.107,10.7,71,0.019,1.9,3.672,3672,6.4,ZM692,-14.8,5.2,540.7,0.267,26.7,46.3,0.023,2.3,2.024,2024,13.6,-0.9,1.1
2017,HM694,Pocillopora,Shallow,Dhaalu,Hulhuvehi,-17.7,6.2,332.3,0.092,9.2,76.1,0.021,2.1,3.627,3627,5.1,ZM694,-14.8,6.3,563.3,0.279,27.9,74.1,0.037,3.7,2.017,2017,8.9,-2.9,-0.1
2017,HM695,Pocillopora,Shallow,Dhaalu,Hulhuvehi,-17.9,6.0,207.1,0.057,5.7,49.8,0.014,1.4,3.658,3658,4.9,ZM695,-15.5,5.6,770.9,0.378,37.8,86.3,0.042,4.2,2.039,2039,10.4,-2.4,0.4
2017,HM698,Pocillopora,Shallow,Dhaalu,Hulhuvehi,-16.0,5.9,272.2,0.074,7.4,58.5,0.016,1.6,3.7,3700,5.4,ZM698,-17.3,4.9,574.7,0.269,26.9,73.3,0.034,3.4,2.139,2139,9.1,1.3,1.0
2017,HM700,Pocillopora,Shallow,Dhaalu,Hulhuvehi,-18.5,5.9,192.9,0.053,5.3,44.7,0.012,1.2,3.664,3664,5,ZM700,-17.4,5.0,498.6,0.238,23.8,66.5,0.032,3.2,2.098,2098,8.7,-1.1,0.9
2017,HM702,Pachyseris,Shallow,Dhaalu,Hulhuvehi,,,51.1,0.025,2.5,11.5,0.006,0.6,2.082,2082,5.2,ZM702,-15.8,5.2,284.8,0.14,14,41.4,0.02,2,2.031,2031,8,,
2017,HM703,Pachyseris,Shallow,Dhaalu,Hulhuvehi,-15.7,5.6,218.4,0.06,6,42.3,0.012,1.2,3.629,3629,6,ZM703,-11.4,5.5,390.5,0.189,18.9,32.5,0.016,1.6,2.063,2063,14,-4.3,0.1
2017,HM704,Pachyseris,Shallow,Dhaalu,Hulhuvehi,-15.8,5.5,198.2,0.054,5.4,34.8,0.01,1,3.643,3643,6.6,ZM704,-14.3,5.5,387.1,0.186,18.6,36.4,0.017,1.7,2.083,2083,12.4,-1.5,0.0
2017,HM707,Galaxea,Shallow,Dhaalu,Hulhuvehi,-17.6,5.8,184.4,0.05,5,42.3,0.012,1.2,3.657,3657,5.1,ZM707,-17.6,3.9,709.5,0.348,34.8,76.9,0.038,3.8,2.039,2039,10.8,0.0,1.9
2017,HM710,Galaxea,Shallow,Dhaalu,Hulhuvehi,-15.0,6.1,178.2,0.048,4.8,40.5,0.011,1.1,3.696,3696,5.1,ZM710,-11.4,5.0,395.4,0.194,19.4,39.3,0.019,1.9,2.033,2033,11.7,-3.6,1.1
2017,HM712,Galaxea,Shallow,Dhaalu,Hulhuvehi,-16.7,5.8,209,0.058,5.8,47.3,0.013,1.3,3.631,3631,5.2,ZM712,-15.0,4.2,387.6,0.192,19.2,45.5,0.023,2.3,2.017,2017,9.9,-1.7,1.6
2017,HM714,Pachyseris,Deep,Meemu,Kurali,-16.6,6.1,336.6,0.093,9.3,64,0.018,1.8,3.62,3620,6.1,ZM714,-15.4,5.1,619,0.308,30.8,85.9,0.043,4.3,2.011,2011,8.4,-1.2,1.0
2017,HM719,Pachyseris,Deep,Meemu,Kurali,-14.2,6.5,398.1,0.108,10.8,78,0.021,2.1,3.694,3694,6,ZM719,-12.8,6.4,653.8,0.318,31.8,84,0.041,4.1,2.058,2058,9.1,-1.4,0.1
2017,HM725,Pachyseris,Shallow,Meemu,Kurali,-16.4,5.8,,,,179.7,0.049,4.9,3.696,3696,,ZM725,-16.1,4.4,302.3,0.15,15,38.4,0.019,1.9,2.009,2009,9.2,-0.3,1.4
2017,HM728,Pachyseris,Shallow,Meemu,Kurali,-14.5,6.4,497,0.136,13.6,96.2,0.026,2.6,3.644,3644,6,ZM728,-14.0,6.4,677.5,0.336,33.6,88.3,0.044,4.4,2.014,2014,9,-0.5,0.0
2017,HM729,Pachyseris,Shallow,Meemu,Kurali,-14.2,6.1,505.1,0.138,13.8,100,0.027,2.7,3.66,3660,5.9,ZM729,-13.3,5.6,485.2,0.238,23.8,66.2,0.032,3.2,2.037,2037,8.6,-0.9,0.5
2017,HM732,Galaxea,Deep,Meemu,Bodu huraa,-18.1,6.2,324.5,0.088,8.8,69.1,0.019,1.9,3.684,3684,5.5,ZM732,-16.9,5.1,489,0.242,24.2,63.5,0.031,3.1,2.018,2018,9,-1.2,1.1
2017,HM733,Pocillopora,Deep,Meemu,Bodu huraa,-19.2,5.8,344.5,0.094,9.4,74,0.02,2,3.657,3657,5.4,ZM733,-17.5,5.6,726.7,0.35,35,103.8,0.05,5,2.077,2077,8.2,-1.7,0.2
2017,HM734,Pocillopora,Deep,Meemu,Bodu huraa,-18.8,5.8,344.6,0.094,9.4,75.5,0.02,2,3.681,3681,5.3,ZM734,-17.5,4.9,750.6,0.373,37.3,100.7,0.05,5,2.013,2013,8.7,-1.3,0.9
2017,HM736,Pocillopora,Deep,Meemu,Bodu huraa,,,76.3,0.021,2.1,18.5,0.005,0.5,3.643,3643,4.8,ZM736,-17.4,4.4,802,0.388,38.8,75.1,0.036,3.6,2.067,2067,12.5,,
2017,HM738,Galaxea,Deep,Meemu,Bodu huraa,-17.1,5.7,229.9,0.063,6.3,52.9,0.014,1.4,3.658,3658,5.1,ZM738,-15.8,4.7,576.9,0.284,28.4,68.6,0.034,3.4,2.03,2030,9.8,-1.3,1.0
2017,HM742,Pocillopora,Deep,Meemu,Bodu huraa,-18.5,5.7,201.6,0.055,5.5,51.1,0.014,1.4,3.663,3663,4.6,ZM742,-18.1,3.9,876.8,0.43,43,112.7,0.055,5.5,2.041,2041,9.1,-0.4,1.8
2017,HM743,Pachyseris,Deep,Meemu,Bodu huraa,-14.1,6.0,245,0.067,6.7,51.8,0.014,1.4,3.675,3675,5.5,ZM743,-13.2,6.3,460.1,0.226,22.6,46.4,0.023,2.3,2.032,2032,11.6,-0.9,-0.3
2017,HM746,Pachyseris,Deep,Meemu,Bodu huraa,-15.1,5.7,226.2,0.063,6.3,43.2,0.012,1.2,3.617,3617,6.1,ZM746,-14.5,6.1,523.4,0.253,25.3,58.1,0.028,2.8,2.07,2070,10.5,-0.6,-0.4
2017,HM747,Pachyseris,Deep,Meemu,Bodu huraa,-15.3,5.7,249.1,0.068,6.8,50.1,0.014,1.4,3.646,3646,5.8,ZM747,-14.9,6.2,599.9,0.296,29.6,67.8,0.033,3.3,2.027,2027,10.3,-0.4,-0.5
2017,HM748,Galaxea,Deep,Meemu,Bodu huraa,-18.0,6.1,196.4,0.053,5.3,42.3,0.012,1.2,3.673,3673,5.4,ZM748,-17.2,4.9,672.6,0.323,32.3,77.2,0.037,3.7,2.08,2080,10.2,-0.8,1.2
2017,HM758,Galaxea,Shallow,Meemu,Bodu huraa,-16.4,6.4,311.8,0.085,8.5,67.2,0.018,1.8,3.682,3682,5.4,ZM758,-15.4,4.5,501.9,0.251,25.1,54.4,0.027,2.7,2.003,2003,10.8,-1.0,1.9
2017,HM760,Galaxea,Shallow,Meemu,Bodu huraa,-19.6,5.1,201.2,0.055,5.5,44.2,0.012,1.2,3.635,3635,5.3,ZM760,-17.9,4.5,638.1,0.318,31.8,69.4,0.035,3.5,2.007,2007,10.7,-1.7,0.6
2017,HM761,Galaxea,Shallow,Meemu,Bodu huraa,-15.6,5.7,356.2,0.098,9.8,70.3,0.019,1.9,3.62,3620,5.9,ZM761,-14.4,4.0,634.5,0.306,30.6,89.1,0.043,4.3,2.073,2073,8.3,-1.2,1.7
2017,HM768,Pachyseris,Shallow,Meemu,Bodu huraa,-16.1,5.4,243.9,0.067,6.7,49,0.013,1.3,3.661,3661,5.8,ZM768,-15.2,4.9,543.5,0.266,26.6,54.6,0.027,2.7,2.042,2042,11.6,-0.9,0.5
2017,HM769,Pocillopora,Shallow,Meemu,Bodu huraa,-17.3,6.0,249.7,0.068,6.8,56.2,0.015,1.5,3.691,3691,5.2,ZM769,-16.8,4.9,978.9,0.469,46.9,119.1,0.057,5.7,2.089,2089,9.6,-0.5,1.1
2017,HM771,Pachyseris,Shallow,Meemu,Bodu huraa,-13.7,6.9,170.1,0.044,4.4,33.6,0.009,0.9,3.824,3824,5.9,ZM771,-11.5,5.4,680.1,0.325,32.5,36.7,0.018,1.8,2.095,2095,21.6,-2.2,1.5
2017,HM773,Pachyseris,Shallow,Meemu,Bodu huraa,,,56.6,0.015,1.5,13.6,0.004,0.4,3.681,3681,4.8,ZM773,-16.1,5.1,507.2,0.247,24.7,52.5,0.026,2.6,2.057,2057,11.3,,
2017,HM776,Pachyseris,Shallow,Meemu,Bodu huraa,-16.4,5.9,128.6,0.033,3.3,27,0.007,0.7,3.875,3875,5.5,ZM776,-15.2,4.5,613.3,0.291,29.1,47.6,0.023,2.3,2.108,2108,15,-1.2,1.4
2017,HM777,Pachyseris,Shallow,Meemu,Bodu huraa,-19.7,5.1,201.7,0.055,5.5,37.7,0.01,1,3.683,3683,6.2,ZM777,-17.7,2.5,300.1,0.151,15.1,34.2,0.017,1.7,1.988,1988,10.2,-2.0,2.6
2017,HM778,Pocillopora,Shallow,Meemu,Bodu huraa,-17.3,5.8,262.8,0.073,7.3,56.6,0.016,1.6,3.621,3621,5.4,ZM778,-16.2,5.2,640.8,0.31,31,88.2,0.043,4.3,2.064,2064,8.5,-1.1,0.6
2017,HM779,Pocillopora,Shallow,Meemu,Bodu huraa,-17.8,5.6,180,0.05,5,39,0.011,1.1,3.604,3604,5.4,ZM779,-17.1,4.6,950.7,0.471,47.1,124,0.061,6.1,2.017,2017,8.9,-0.7,1.0
2017,HM780,Pocillopora,Shallow,Meemu,Bodu huraa,-17.4,6.0,279.3,0.077,7.7,58.4,0.016,1.6,3.626,3626,5.6,ZM780,-16.0,5.1,646.4,0.308,30.8,78,0.037,3.7,2.099,2099,9.7,-1.4,0.9
2017,HM784,Pachyseris,Deep,Meemu,Veyvah,-15.1,5.4,345.8,0.095,9.5,68.6,0.019,1.9,3.632,3632,5.9,ZM784,-14.8,5.6,506.4,0.249,24.9,60.1,0.03,3,2.033,2033,9.8,-0.3,-0.2
2017,HM786,Pachyseris,Deep,Meemu,Veyvah,-15.5,5.2,279.4,0.077,7.7,50,0.014,1.4,3.64,3640,6.5,ZM786,-15.3,4.9,908.2,0.425,42.5,87.6,0.041,4.1,2.137,2137,12.1,-0.2,0.3
2017,HM787,Pachyseris,Deep,Meemu,Veyvah,-14.7,6.1,375.7,0.103,10.3,68.4,0.019,1.9,3.645,3645,6.4,ZM787,-13.7,5.6,437.7,0.217,21.7,51.9,0.026,2.6,2.02,2020,9.8,-1.0,0.5
2017,HM793,Galaxea,Deep,Meemu,Veyvah,-17.0,5.8,364,0.099,9.9,80.5,0.022,2.2,3.691,3691,5.3,ZM793,-16.8,4.4,428.8,0.211,21.1,60.8,0.03,3,2.035,2035,8.2,-0.2,1.4
2017,HM794,Galaxea,Deep,Meemu,Veyvah,-18.4,6.3,386.2,0.107,10.7,79.3,0.022,2.2,3.601,3601,5.7,ZM794,-15.8,4.6,500.3,0.243,24.3,56.3,0.027,2.7,2.063,2063,10.4,-2.6,1.7
2017,HM796,Galaxea,Deep,Meemu,Veyvah,-18.3,6.4,340.6,0.093,9.3,69.6,0.019,1.9,3.679,3679,5.7,ZM796,-15.5,5.2,376,0.182,18.2,42.8,0.021,2.1,2.063,2063,10.2,-2.8,1.2
2017,HM801,Pocillopora,Deep,Meemu,Veyvah,-16.7,6.1,418.3,0.115,11.5,84.7,0.023,2.3,3.633,3633,5.8,ZM801,-15.9,5.1,789,0.383,38.3,96.2,0.047,4.7,2.062,2062,9.6,-0.8,1.0
2017,HM805,Pocillopora,Deep,Meemu,Veyvah,-16.9,6.2,357.1,0.098,9.8,78.2,0.021,2.1,3.647,3647,5.3,ZM805,-15.8,4.3,555.3,0.27,27,53.9,0.026,2.6,2.054,2054,12,-1.1,1.9
2017,HM806,Pocillopora,Deep,Meemu,Veyvah,-17.5,6.6,399.1,0.109,10.9,84.6,0.023,2.3,3.651,3651,5.5,ZM806,-16.3,5.2,656.3,0.328,32.8,78.8,0.039,3.9,2,2000,9.7,-1.2,1.4
2017,HM810,Pocillopora,Shallow,Meemu,Veyvah,-17.8,6.6,366.9,0.1,10,76.7,0.021,2.1,3.669,3669,5.6,ZM810,-17.0,4.9,718.2,0.343,34.3,87.5,0.042,4.2,2.094,2094,9.6,-0.8,1.7
2017,HM813,Pocillopora,Shallow,Meemu,Veyvah,-17.8,6.3,379.9,0.105,10.5,83.7,0.023,2.3,3.627,3627,5.3,ZM813,-17.2,5.4,759.5,0.372,37.2,90.4,0.044,4.4,2.042,2042,9.8,-0.6,0.9
2017,HM817,Pocillopora,Shallow,Meemu,Veyvah,-18.4,6.7,374.6,0.103,10.3,82.1,0.022,2.2,3.65,3650,5.3,ZM817,-17.1,6.1,456.6,0.229,22.9,81.1,0.041,4.1,1.991,1991,6.6,-1.3,0.6
2017,HM819,Galaxea,Shallow,Meemu,Veyvah,-17.3,5.5,307.7,0.084,8.4,69.7,0.019,1.9,3.653,3653,5.1,ZM819,-17.3,4.6,577.1,0.281,28.1,78.1,0.038,3.8,2.056,2056,8.6,0.0,0.9
2017,HM820,Galaxea,Shallow,Meemu,Veyvah,-15.8,6.9,273.1,0.075,7.5,55.5,0.015,1.5,3.658,3658,5.7,ZM820,-12.3,3.2,249.7,0.124,12.4,31.6,0.016,1.6,2.006,2006,9.2,-3.5,3.7
2017,HM823,Pachyseris,Deep,Vaavu,Kandimma Falhu,-15.5,6.3,386.4,0.105,10.5,75.7,0.021,2.1,3.669,3669,6,ZM823,-15.0,5.7,799.1,0.39,39,86.5,0.042,4.2,2.047,2047,10.8,-0.5,0.6
2017,HM827,Pachyseris,Deep,Vaavu,Kandimma Falhu,-15.8,5.9,387.7,0.105,10.5,72.3,0.02,2,3.694,3694,6.3,ZM827,-16.3,6.3,539.3,0.243,24.3,72.4,0.033,3.3,2.215,2215,8.7,0.5,-0.4
2017,HM829,Pachyseris,Deep,Vaavu,Kandimma Falhu,-16.0,4.4,351.3,0.096,9.6,71,0.019,1.9,3.674,3674,5.8,ZM829,-15.9,6.1,720.3,0.352,35.2,89.6,0.044,4.4,2.049,2049,9.4,-0.1,-1.7
2017,HM830,Galaxea,Deep,Vaavu,Kandimma Falhu,-18.4,6.5,390.9,0.107,10.7,86.5,0.024,2.4,3.638,3638,5.3,ZM830,-17.7,5.1,724.8,0.349,34.9,98.1,0.047,4.7,2.079,2079,8.6,-0.7,1.4
2017,HM831,Galaxea,Deep,Vaavu,Kandimma Falhu,-17.2,6.8,250,0.068,6.8,56.2,0.015,1.5,3.662,3662,5.2,ZM831,-17.3,4.7,564.4,0.283,28.3,77.7,0.039,3.9,1.996,1996,8.5,0.1,2.1
2017,HM832,Galaxea,Deep,Vaavu,Kandimma Falhu,-17.0,5.8,289.9,0.079,7.9,67.3,0.018,1.8,3.678,3678,5,ZM832,-16.4,4.9,671.9,0.327,32.7,88.9,0.043,4.3,2.056,2056,8.8,-0.6,0.9
2017,HM835,Pocillopora,Deep,Vaavu,Kandimma Falhu,-19.4,5.5,225.4,0.062,6.2,56.6,0.016,1.6,3.639,3639,4.6,ZM835,-18.7,4.7,586,0.287,28.7,67.8,0.033,3.3,2.042,2042,10.1,-0.7,0.8
2017,HM838,Pocillopora,Deep,Vaavu,Kandimma Falhu,-17.5,5.6,264.4,0.068,6.8,57.3,0.015,1.5,3.903,3903,5.4,ZM838,-16.5,4.8,868,0.423,42.3,118.1,0.058,5.8,2.05,2050,8.6,-1.0,0.8
2017,HM843,Pocillopora,Deep,Vaavu,Kandimma Falhu,-19.0,5.9,247.8,0.068,6.8,56,0.015,1.5,3.625,3625,5.2,ZM843,-18.1,5.1,597.1,0.28,28,77.2,0.036,3.6,2.135,2135,9,-0.9,0.8
2017,HM845,Pachyseris,Shallow,Vaavu,Kandimma Falhu,-13.1,6.2,295.4,0.082,8.2,61.7,0.017,1.7,3.608,3608,5.6,ZM845,-12.2,6.6,317.6,0.153,15.3,45.5,0.022,2.2,2.076,2076,8.1,-0.9,-0.4
2017,HM846,Pachyseris,Shallow,Vaavu,Kandimma Falhu,-14.1,6.0,294.8,0.081,8.1,57.9,0.016,1.6,3.618,3618,5.9,ZM846,-14.1,5.5,333.4,0.162,16.2,37.8,0.018,1.8,2.059,2059,10.3,0.0,0.5
2017,HM847,Pachyseris,Shallow,Vaavu,Kandimma Falhu,-12.3,6.8,287.2,0.078,7.8,59.5,0.016,1.6,3.703,3703,5.6,ZM847,-11.3,6.3,541.9,0.262,26.2,48.9,0.024,2.4,2.065,2065,12.9,-1.0,0.5
2017,HM848,Pachyseris,Shallow,Vaavu,Kandimma Falhu,-15.8,6.4,169.3,0.046,4.6,34.4,0.009,0.9,3.698,3698,5.7,ZM848,-15.5,5.9,777.5,0.389,38.9,87.1,0.044,4.4,1.997,1997,10.4,-0.3,0.5
2017,HM852,Pachyseris,Shallow,Vaavu,Kandimma Falhu,-14.0,5.4,218.1,0.06,6,43.6,0.012,1.2,3.637,3637,5.8,ZM852,-14.4,5.6,477.1,0.238,23.8,61.1,0.031,3.1,2.002,2002,9.1,0.4,-0.2
2017,HM856,Pocillopora,Shallow,Vaavu,Kandimma Falhu,-17.2,6.4,473.4,0.129,12.9,100,0.027,2.7,3.682,3682,5.5,ZM856,-16.2,4.9,910.3,0.447,44.7,114.8,0.056,5.6,2.035,2035,9.3,-1.0,1.5
2017,HM860,Pocillopora,Shallow,Vaavu,Kandimma Falhu,-16.8,6.0,451.7,0.122,12.2,96.8,0.026,2.6,3.7,3700,5.4,ZM860,-15.9,4.9,537.1,0.252,25.2,75.1,0.035,3.5,2.131,2131,8.3,-0.9,1.1
2017,HM861,Pocillopora,Shallow,Vaavu,Kandimma Falhu,-17.4,6.6,480.5,0.132,13.2,103.2,0.028,2.8,3.627,3627,5.4,ZM861,-15.7,4.9,769.3,0.381,38.1,93,0.046,4.6,2.018,2018,9.7,-1.7,1.7
2017,HM865,Galaxea,Shallow,Vaavu,Kandimma Falhu,-15.4,6.4,452,0.124,12.4,102.3,0.028,2.8,3.657,3657,5.2,ZM865,-14.2,5.8,402.5,0.196,19.6,44.2,0.022,2.2,2.053,2053,10.6,-1.2,0.6
2017,HM868,Galaxea,Shallow,Vaavu,Kandimma Falhu,-15.0,6.2,459.4,0.126,12.6,95.2,0.026,2.6,3.635,3635,5.6,ZM868,-15.2,4.7,520.8,0.251,25.1,75.7,0.036,3.6,2.079,2079,8,0.2,1.5
2017,HM869,Galaxea,Shallow,Vaavu,Kandimma Falhu,-16.2,6.6,231,0.064,6.4,49.7,0.014,1.4,3.607,3607,5.4,ZM869,-14.0,4.5,428.9,0.206,20.6,49.1,0.024,2.4,2.078,2078,10.2,-2.2,2.1
2017,HM872,Pocillopora,Deep,Vaavu,Medhu Faru,-18.1,6.5,494,0.134,13.4,105.5,0.029,2.9,3.696,3696,5.5,ZM872,-17.6,4.7,756.5,0.368,36.8,96.9,0.047,4.7,2.057,2057,9.1,-0.5,1.8
2017,HM873,Pocillopora,Deep,Vaavu,Medhu Faru,-18.7,5.6,409.7,0.111,11.1,88.1,0.024,2.4,3.693,3693,5.4,ZM873,-18.1,4.8,853.3,0.405,40.5,123.2,0.059,5.9,2.105,2105,8.1,-0.6,0.8
2017,HM874,Pocillopora,Deep,Vaavu,Medhu Faru,-18.6,6.2,439.1,0.121,12.1,87.8,0.024,2.4,3.626,3626,5.8,ZM874,-18.3,4.2,636.8,0.307,30.7,87.7,0.042,4.2,2.076,2076,8.5,-0.3,2.0
2017,HM875,Galaxea,Deep,Vaavu,Medhu Faru,-17.8,6.2,296.8,0.081,8.1,67.3,0.018,1.8,3.643,3643,5.1,ZM875,-17.1,5.6,644.8,0.314,31.4,67.3,0.033,3.3,2.052,2052,11.2,-0.7,0.6
2017,HM879,Galaxea,Deep,Vaavu,Medhu Faru,-18.0,6.6,446.3,0.123,12.3,101.1,0.028,2.8,3.626,3626,5.2,ZM879,-16.7,5.4,679.7,0.325,32.5,73.4,0.035,3.5,2.09,2090,10.8,-1.3,1.2
2017,HM880,Galaxea,Deep,Vaavu,Medhu Faru,-17.0,6.0,271.2,0.073,7.3,63.7,0.017,1.7,3.705,3705,5,ZM880,-16.4,4.3,406.2,0.192,19.2,54.1,0.026,2.6,2.116,2116,8.8,-0.6,1.7
2017,HM885,Pachyseris,Deep,Vaavu,Medhu Faru,-16.9,6.0,633.5,0.173,17.3,105.2,0.029,2.9,3.672,3672,7,ZM885,-15.3,5.4,604,0.294,29.4,68.8,0.034,3.4,2.051,2051,10.2,-1.6,0.6
2017,HM888,Pachyseris,Deep,Vaavu,Medhu Faru,-16.7,6.2,327.3,0.089,8.9,60.8,0.017,1.7,3.681,3681,6.3,ZM888,-15.8,5.3,653.7,0.317,31.7,73.5,0.036,3.6,2.061,2061,10.4,-0.9,0.9
2017,HM889,Pachyseris,Deep,Vaavu,Medhu Faru,-18.2,6.5,662.7,0.18,18,147.3,0.04,4,3.672,3672,5.3,ZM889,-15.3,5.4,608.2,0.297,29.7,64.2,0.031,3.1,2.049,2049,11.1,-2.9,1.1
2017,HM893,Pocillopora,Shallow,Vaavu,Medhu Faru,-19.0,6.1,405.3,0.111,11.1,93.6,0.026,2.6,3.641,3641,5.1,ZM893,-17.6,5.2,569,0.284,28.4,62,0.031,3.1,2.006,2006,10.7,-1.4,0.9
2017,HM897,Pocillopora,Shallow,Vaavu,Medhu Faru,-17.2,7.0,628.9,0.174,17.4,142.7,0.039,3.9,3.62,3620,5.1,ZM897,-15.8,5.6,1011.1,0.482,48.2,93.3,0.044,4.4,2.098,2098,12.6,-1.4,1.4
2017,HM899,Pocillopora,Shallow,Vaavu,Medhu Faru,-15.6,6.3,426.5,0.115,11.5,72.7,0.02,2,3.701,3701,6.8,ZM899,-16.9,5.2,776.1,0.37,37,111.6,0.053,5.3,2.096,2096,8.1,1.3,1.1
2017,HM903,Galaxea,Shallow,Vaavu,Medhu Faru,-17.4,6.1,371.5,0.101,10.1,72.7,0.02,2,3.68,3680,6,ZM903,-16.5,5.5,373.1,0.183,18.3,46.2,0.023,2.3,2.035,2035,9.4,-0.9,0.6
2017,HM905,Galaxea,Shallow,Vaavu,Medhu Faru,-16.8,6.3,506.4,0.14,14,112.6,0.031,3.1,3.612,3612,5.2,ZM905,-16.7,5.1,536.2,0.257,25.7,67.7,0.032,3.2,2.084,2084,9.2,-0.1,1.2
2017,HM906,Galaxea,Shallow,Vaavu,Medhu Faru,-14.8,5.8,387.5,0.106,10.6,86.8,0.024,2.4,3.655,3655,5.2,ZM906,-14.2,4.6,469.6,0.215,21.5,63.9,0.029,2.9,2.186,2186,8.6,-0.6,1.2
2017,HM913,Galaxea,Deep,South Male,Tholhimaraahuraa,-17.2,6.5,656.5,0.179,17.9,125.5,0.034,3.4,3.658,3658,6.1,ZM913,-16.6,4.5,700.1,0.343,34.3,100.1,0.049,4.9,2.041,2041,8.2,-0.6,2.0
2017,HM915,Galaxea,Deep,South Male,Tholhimaraahuraa,-17.3,6.5,533.4,0.146,14.6,113.8,0.031,3.1,3.655,3655,5.5,ZM915,-17.3,4.6,661.4,0.33,33,94.8,0.047,4.7,2.003,2003,8.1,0.0,1.9
2017,HM916,Galaxea,Deep,South Male,Tholhimaraahuraa,-17.6,7.0,383.5,0.104,10.4,81.1,0.022,2.2,3.682,3682,5.5,ZM916,-17.8,5.2,455.2,0.227,22.7,61.1,0.031,3.1,2.003,2003,8.7,0.2,1.8
2017,HM921,Pocillopora,Deep,South Male,Tholhimaraahuraa,-19.2,6.1,494.5,0.136,13.6,106.3,0.029,2.9,3.623,3623,5.4,ZM921,-18.8,4.0,975,0.459,45.9,128.8,0.061,6.1,2.122,2122,8.8,-0.4,2.1
2017,HM922,Pocillopora,Deep,South Male,Tholhimaraahuraa,-16.9,6.1,468.4,0.129,12.9,99.2,0.027,2.7,3.644,3644,5.5,ZM922,-16.5,4.5,802.9,0.402,40.2,131.1,0.066,6.6,1.999,1999,7.1,-0.4,1.6
2017,HM927,Pocillopora,Deep,South Male,Tholhimaraahuraa,-18.7,6.2,474.7,0.132,13.2,100.5,0.028,2.8,3.6,3600,5.5,ZM927,-18.2,4.6,875.3,0.42,42,116.5,0.056,5.6,2.083,2083,8.8,-0.5,1.6
2017,HM930,Pachyseris,Deep,South Male,Tholhimaraahuraa,-15.6,7.0,459.7,0.126,12.6,85.9,0.024,2.4,3.635,3635,6.2,ZM930,-10.4,6.0,440.5,0.206,20.6,39.4,0.018,1.8,2.137,2137,13,-5.2,1.0
2017,HM933,Pachyseris,Deep,South Male,Tholhimaraahuraa,-17.5,6.2,366.6,0.1,10,67.4,0.018,1.8,3.648,3648,6.3,ZM933,-12.6,5.3,447.6,0.212,21.2,39.5,0.019,1.9,2.111,2111,13.2,-4.9,0.9
2017,HM934,Pachyseris,Deep,South Male,Tholhimaraahuraa,-17.1,6.3,452.3,0.123,12.3,79.9,0.022,2.2,3.688,3688,6.6,ZM934,-16.0,5.9,543.1,0.266,26.6,73.7,0.036,3.6,2.039,2039,8.6,-1.1,0.4
2017,HM938,Galaxea,Shallow,South Male,Tholhimaraahuraa,-17.0,6.2,467.8,0.129,12.9,102.9,0.028,2.8,3.634,3634,5.3,ZM938,-17.5,4.0,777.9,0.387,38.7,103.5,0.051,5.1,2.011,2011,8.8,0.5,2.2
2017,HM939,Galaxea,Shallow,South Male,Tholhimaraahuraa,-17.5,6.6,419,0.114,11.4,97.7,0.027,2.7,3.684,3684,5,ZM939,-17.9,5.0,769.3,0.381,38.1,113.3,0.056,5.6,2.018,2018,7.9,0.4,1.6
2017,HM946,Galaxea,Shallow,South Male,Tholhimaraahuraa,-16.9,6.5,521.8,0.144,14.4,113,0.031,3.1,3.618,3618,5.4,ZM946,-16.2,5.8,633.2,0.316,31.6,73.3,0.037,3.7,2.002,2002,10.1,-0.7,0.7
2017,HM949,Pocillopora,Shallow,South Male,Tholhimaraahuraa,-17.5,6.7,507,0.139,13.9,112.2,0.031,3.1,3.658,3658,5.3,ZM949,-16.8,5.4,913.3,0.456,45.6,134.4,0.067,6.7,2.003,2003,7.9,-0.7,1.3
2017,HM950,Pocillopora,Shallow,South Male,Tholhimaraahuraa,-17.4,6.7,572,0.156,15.6,124.7,0.034,3.4,3.658,3658,5.4,ZM950,-17.1,5.1,810.2,0.398,39.8,122.6,0.06,6,2.037,2037,7.7,-0.3,1.6
2017,HM952,Pocillopora,Shallow,South Male,Tholhimaraahuraa,-16.9,6.6,526,0.145,14.5,114.5,0.032,3.2,3.615,3615,5.4,ZM952,-15.7,5.7,823.3,0.409,40.9,94.7,0.047,4.7,2.011,2011,10.1,-1.2,0.9
2017,HM961,Pachyseris,Shallow,South Male,Tholhimaraahuraa,-16.2,6.8,437.6,0.12,12,78.6,0.022,2.2,3.649,3649,6.5,ZM961,-15.4,5.1,630.9,0.3,30,74.4,0.035,3.5,2.101,2101,9.9,-0.8,1.7
2017,HM962,Pachyseris,Shallow,South Male,Tholhimaraahuraa,-14.8,6.8,435.2,0.12,12,84.2,0.023,2.3,3.64,3640,6,ZM962,-10.8,5.8,436.6,0.209,20.9,39.6,0.019,1.9,2.088,2088,12.9,-4.0,1.0
2017,HM965,Pachyseris,Shallow,South Male,Tholhimaraahuraa,-17.2,4.5,215.2,0.059,5.9,43.3,0.012,1.2,3.649,3649,5.8,ZM965,-15.3,4.5,353.5,0.175,17.5,43.5,0.022,2.2,2.018,2018,9.5,-1.9,0.0
2017,HM967,Pocillopora,Deep,South Male,Fushidiggaru Falhu,-18.6,6.0,362.9,0.098,9.8,81.8,0.022,2.2,3.694,3694,5.2,ZM967,-17.3,5.0,784.7,0.383,38.3,100.2,0.049,4.9,2.047,2047,9.1,-1.3,1.0
2017,HM969,Pocillopora,Deep,South Male,Fushidiggaru Falhu,-18.7,6.0,323.3,0.089,8.9,66.3,0.018,1.8,3.647,3647,5.7,ZM969,-17.5,4.4,969.5,0.473,47.3,106.1,0.052,5.2,2.049,2049,10.7,-1.2,1.6
2017,HM975,Pocillopora,Deep,South Male,Fushidiggaru Falhu,-18.4,6.0,380.3,0.104,10.4,75.6,0.021,2.1,3.666,3666,5.9,ZM975,-17.7,4.1,393.5,0.196,19.6,55.7,0.028,2.8,2.008,2008,8.2,-0.7,1.9
2017,HM979,Galaxea,Deep,South Male,Fushidiggaru Falhu,-16.1,5.7,722.2,0.197,19.7,130.3,0.036,3.6,3.664,3664,6.5,ZM979,-15.9,4.3,326.6,0.146,14.6,44.5,0.02,2,2.241,2241,8.6,-0.2,1.4
2017,HM981,Galaxea,Deep,South Male,Fushidiggaru Falhu,-16.7,5.9,523.2,0.141,14.1,105.8,0.029,2.9,3.699,3699,5.8,ZM981,-16.0,4.5,696.2,0.337,33.7,93.8,0.045,4.5,2.065,2065,8.7,-0.7,1.4
2017,HM984,Galaxea,Deep,South Male,Fushidiggaru Falhu,-16.6,5.9,407.5,0.113,11.3,87.9,0.024,2.4,3.62,3620,5.4,ZM984,-15.6,5.3,649.4,0.318,31.8,87.7,0.043,4.3,2.041,2041,8.6,-1.0,0.6
2017,HM985,Pachyseris,Deep,South Male,Fushidiggaru Falhu,-15.6,5.8,458.7,0.125,12.5,93.4,0.025,2.5,3.684,3684,5.7,ZM985,-14.7,5.4,766.7,0.382,38.2,80.6,0.04,4,2.007,2007,11.1,-0.9,0.4
2017,HM986,Pachyseris,Deep,South Male,Fushidiggaru Falhu,-14.2,5.7,632.9,0.171,17.1,113,0.031,3.1,3.692,3692,6.5,ZM986,-13.7,5.8,334,0.163,16.3,36,0.018,1.8,2.049,2049,10.8,-0.5,-0.1
2017,HM990,Pachyseris,Deep,South Male,Fushidiggaru Falhu,-16.3,5.7,195.1,0.053,5.3,43.1,0.012,1.2,3.688,3688,5.3,ZM990,-15.0,5.2,474.9,0.227,22.7,45,0.022,2.2,2.093,2093,12.3,-1.3,0.5
2017,HM998,Galaxea,Shallow,South Male,Fushidiggaru Falhu,-17.1,5.9,381.3,0.104,10.4,79.9,0.022,2.2,3.651,3651,5.6,ZM998,-16.6,5.2,543,0.267,26.7,62.1,0.031,3.1,2.03,2030,10.2,-0.5,0.7
2017,HM1000,Galaxea,Shallow,South Male,Fushidiggaru Falhu,-14.5,5.7,443.4,0.12,12,84.7,0.023,2.3,3.688,3688,6.1,ZM1000,-13.8,4.9,593.8,0.292,29.2,72.6,0.036,3.6,2.035,2035,9.5,-0.7,0.8
2017,HM1001,Galaxea,Shallow,South Male,Fushidiggaru Falhu,-16.6,6.2,329.8,0.091,9.1,68.7,0.019,1.9,3.637,3637,5.6,ZM1001,-16.2,4.9,599.9,0.3,30,70.4,0.035,3.5,2.003,2003,9.9,-0.4,1.3
2017,HM1005,Pocillopora,Shallow,South Male,Fushidiggaru Falhu,-16.7,6.0,321,0.089,8.9,77.5,0.022,2.2,3.602,3602,4.8,ZM1005,-14.9,6.2,657.1,0.313,31.3,100.2,0.048,4.8,2.1,2100,7.7,-1.8,-0.2
2017,HM1007,Pocillopora,Shallow,South Male,Fushidiggaru Falhu,-17.7,6.4,437.6,0.119,11.9,97.9,0.027,2.7,3.693,3693,5.2,ZM1007,-16.4,5.7,714.7,0.354,35.4,98.5,0.049,4.9,2.02,2020,8.5,-1.3,0.7
2017,HM1008,Pocillopora,Shallow,South Male,Fushidiggaru Falhu,-17.0,4.1,405,0.11,11,127.1,0.035,3.5,3.674,3674,3.7,ZM1008,-12.4,6.2,420.4,0.207,20.7,47.9,0.024,2.4,2.032,2032,10.2,-4.6,-2.1
2017,HM1010,Pachyseris,Shallow,South Male,Fushidiggaru Falhu,-14.5,5.7,415.5,0.113,11.3,69,0.019,1.9,3.682,3682,7,ZM1010,-14.1,5.3,770.9,0.378,37.8,75.3,0.037,3.7,2.042,2042,11.9,-0.4,0.4
2017,HM1011,Pachyseris,Shallow,South Male,Fushidiggaru Falhu,-16.0,5.8,302.3,0.083,8.3,58.7,0.016,1.6,3.638,3638,6,ZM1011,-14.0,5.3,358.5,0.179,17.9,42.7,0.021,2.1,2.002,2002,9.8,-2.0,0.5